"year","Anteil"
1997,"Frau"
1997,"Frau"
1997,"Frau"
1997,"Frau"
1997,"Frau"
1997,"Frau"
1997,"Frau"
1997,"Frau"
1997,"Frau"
1997,"Frau"
1997,"Mann"
1997,"Mann"
1997,"Mann"
1997,"Mann"
1997,"Mann"
1997,"Mann"
1997,"Mann"
1997,"Mann"
1997,"Mann"
1997,"Mann"
1997,"Mann"
1997,"Mann"
1997,"Mann"
1997,"Mann"
1997,"Mann"
1997,"Mann"
1997,"Mann"
1997,"Mann"
1997,"Mann"
1997,"Mann"
1997,"Mann"
1997,"Mann"
1997,"Mann"
1997,"Mann"
1997,"Mann"
1997,"Mann"
1997,"Mann"
1997,"Mann"
1997,"Mann"
1997,"Mann"
1997,"Mann"
1997,"Mann"
1997,"Mann"
1997,"Mann"
1997,"Mann"
1997,"Mann"
1997,"Mann"
1997,"Mann"
1997,"Mann"
1997,"Mann"
1997,"Mann"
1997,"Mann"
1997,"Mann"
1997,"Mann"
1997,"Mann"
1997,"Mann"
1997,"Mann"
1997,"Mann"
1997,"Mann"
1997,"Mann"
1997,"Mann"
1997,"Mann"
1997,"Mann"
1997,"Mann"
1997,"Mann"
1997,"Mann"
1997,"Mann"
1997,"Mann"
1997,"Mann"
1997,"Mann"
1997,"Mann"
1997,"Mann"
1997,"Mann"
1997,"Mann"
1997,"Mann"
1997,"Mann"
1997,"Mann"
1997,"Mann"
1997,"Mann"
1997,"Mann"
1997,"Mann"
1997,"Mann"
1997,"Mann"
1997,"Mann"
1997,"Mann"
1997,"Mann"
1997,"Mann"
1997,"Mann"
1997,"Mann"
1997,"Mann"
1997,"Mann"
1997,"Mann"
1997,"Mann"
1997,"Mann"
1997,"Mann"
1997,"Mann"
1997,"Mann"
1997,"Mann"
1997,"Mann"
1997,"Mann"
1998,"Frau"
1998,"Frau"
1998,"Frau"
1998,"Frau"
1998,"Frau"
1998,"Frau"
1998,"Frau"
1998,"Frau"
1998,"Frau"
1998,"Frau"
1998,"Frau"
1998,"Mann"
1998,"Mann"
1998,"Mann"
1998,"Mann"
1998,"Mann"
1998,"Mann"
1998,"Mann"
1998,"Mann"
1998,"Mann"
1998,"Mann"
1998,"Mann"
1998,"Mann"
1998,"Mann"
1998,"Mann"
1998,"Mann"
1998,"Mann"
1998,"Mann"
1998,"Mann"
1998,"Mann"
1998,"Mann"
1998,"Mann"
1998,"Mann"
1998,"Mann"
1998,"Mann"
1998,"Mann"
1998,"Mann"
1998,"Mann"
1998,"Mann"
1998,"Mann"
1998,"Mann"
1998,"Mann"
1998,"Mann"
1998,"Mann"
1998,"Mann"
1998,"Mann"
1998,"Mann"
1998,"Mann"
1998,"Mann"
1998,"Mann"
1998,"Mann"
1998,"Mann"
1998,"Mann"
1998,"Mann"
1998,"Mann"
1998,"Mann"
1998,"Mann"
1998,"Mann"
1998,"Mann"
1998,"Mann"
1998,"Mann"
1998,"Mann"
1998,"Mann"
1998,"Mann"
1998,"Mann"
1998,"Mann"
1998,"Mann"
1998,"Mann"
1998,"Mann"
1998,"Mann"
1998,"Mann"
1998,"Mann"
1998,"Mann"
1998,"Mann"
1998,"Mann"
1998,"Mann"
1998,"Mann"
1998,"Mann"
1998,"Mann"
1998,"Mann"
1998,"Mann"
1998,"Mann"
1998,"Mann"
1998,"Mann"
1998,"Mann"
1998,"Mann"
1998,"Mann"
1998,"Mann"
1998,"Mann"
1998,"Mann"
1998,"Mann"
1998,"Mann"
1998,"Mann"
1998,"Mann"
1998,"Mann"
1998,"Mann"
1998,"Mann"
1998,"Mann"
1998,"Mann"
1998,"Mann"
1999,"Frau"
1999,"Frau"
1999,"Frau"
1999,"Frau"
1999,"Frau"
1999,"Frau"
1999,"Frau"
1999,"Frau"
1999,"Frau"
1999,"Frau"
1999,"Frau"
1999,"Mann"
1999,"Mann"
1999,"Mann"
1999,"Mann"
1999,"Mann"
1999,"Mann"
1999,"Mann"
1999,"Mann"
1999,"Mann"
1999,"Mann"
1999,"Mann"
1999,"Mann"
1999,"Mann"
1999,"Mann"
1999,"Mann"
1999,"Mann"
1999,"Mann"
1999,"Mann"
1999,"Mann"
1999,"Mann"
1999,"Mann"
1999,"Mann"
1999,"Mann"
1999,"Mann"
1999,"Mann"
1999,"Mann"
1999,"Mann"
1999,"Mann"
1999,"Mann"
1999,"Mann"
1999,"Mann"
1999,"Mann"
1999,"Mann"
1999,"Mann"
1999,"Mann"
1999,"Mann"
1999,"Mann"
1999,"Mann"
1999,"Mann"
1999,"Mann"
1999,"Mann"
1999,"Mann"
1999,"Mann"
1999,"Mann"
1999,"Mann"
1999,"Mann"
1999,"Mann"
1999,"Mann"
1999,"Mann"
1999,"Mann"
1999,"Mann"
1999,"Mann"
1999,"Mann"
1999,"Mann"
1999,"Mann"
1999,"Mann"
1999,"Mann"
1999,"Mann"
1999,"Mann"
1999,"Mann"
1999,"Mann"
1999,"Mann"
1999,"Mann"
1999,"Mann"
1999,"Mann"
1999,"Mann"
1999,"Mann"
1999,"Mann"
1999,"Mann"
1999,"Mann"
1999,"Mann"
1999,"Mann"
1999,"Mann"
1999,"Mann"
1999,"Mann"
1999,"Mann"
1999,"Mann"
1999,"Mann"
1999,"Mann"
1999,"Mann"
1999,"Mann"
1999,"Mann"
1999,"Mann"
1999,"Mann"
1999,"Mann"
1999,"Mann"
1999,"Mann"
1999,"Mann"
1999,"Mann"
2000,"Frau"
2000,"Frau"
2000,"Frau"
2000,"Frau"
2000,"Frau"
2000,"Frau"
2000,"Frau"
2000,"Frau"
2000,"Frau"
2000,"Frau"
2000,"Frau"
2000,"Frau"
2000,"Mann"
2000,"Mann"
2000,"Mann"
2000,"Mann"
2000,"Mann"
2000,"Mann"
2000,"Mann"
2000,"Mann"
2000,"Mann"
2000,"Mann"
2000,"Mann"
2000,"Mann"
2000,"Mann"
2000,"Mann"
2000,"Mann"
2000,"Mann"
2000,"Mann"
2000,"Mann"
2000,"Mann"
2000,"Mann"
2000,"Mann"
2000,"Mann"
2000,"Mann"
2000,"Mann"
2000,"Mann"
2000,"Mann"
2000,"Mann"
2000,"Mann"
2000,"Mann"
2000,"Mann"
2000,"Mann"
2000,"Mann"
2000,"Mann"
2000,"Mann"
2000,"Mann"
2000,"Mann"
2000,"Mann"
2000,"Mann"
2000,"Mann"
2000,"Mann"
2000,"Mann"
2000,"Mann"
2000,"Mann"
2000,"Mann"
2000,"Mann"
2000,"Mann"
2000,"Mann"
2000,"Mann"
2000,"Mann"
2000,"Mann"
2000,"Mann"
2000,"Mann"
2000,"Mann"
2000,"Mann"
2000,"Mann"
2000,"Mann"
2000,"Mann"
2000,"Mann"
2000,"Mann"
2000,"Mann"
2000,"Mann"
2000,"Mann"
2000,"Mann"
2000,"Mann"
2000,"Mann"
2000,"Mann"
2000,"Mann"
2000,"Mann"
2000,"Mann"
2000,"Mann"
2000,"Mann"
2000,"Mann"
2000,"Mann"
2000,"Mann"
2000,"Mann"
2000,"Mann"
2000,"Mann"
2000,"Mann"
2000,"Mann"
2000,"Mann"
2000,"Mann"
2000,"Mann"
2000,"Mann"
2000,"Mann"
2000,"Mann"
2000,"Mann"
2000,"Mann"
2000,"Mann"
2001,"Frau"
2001,"Frau"
2001,"Frau"
2001,"Frau"
2001,"Frau"
2001,"Frau"
2001,"Frau"
2001,"Frau"
2001,"Frau"
2001,"Frau"
2001,"Frau"
2001,"Frau"
2001,"Mann"
2001,"Mann"
2001,"Mann"
2001,"Mann"
2001,"Mann"
2001,"Mann"
2001,"Mann"
2001,"Mann"
2001,"Mann"
2001,"Mann"
2001,"Mann"
2001,"Mann"
2001,"Mann"
2001,"Mann"
2001,"Mann"
2001,"Mann"
2001,"Mann"
2001,"Mann"
2001,"Mann"
2001,"Mann"
2001,"Mann"
2001,"Mann"
2001,"Mann"
2001,"Mann"
2001,"Mann"
2001,"Mann"
2001,"Mann"
2001,"Mann"
2001,"Mann"
2001,"Mann"
2001,"Mann"
2001,"Mann"
2001,"Mann"
2001,"Mann"
2001,"Mann"
2001,"Mann"
2001,"Mann"
2001,"Mann"
2001,"Mann"
2001,"Mann"
2001,"Mann"
2001,"Mann"
2001,"Mann"
2001,"Mann"
2001,"Mann"
2001,"Mann"
2001,"Mann"
2001,"Mann"
2001,"Mann"
2001,"Mann"
2001,"Mann"
2001,"Mann"
2001,"Mann"
2001,"Mann"
2001,"Mann"
2001,"Mann"
2001,"Mann"
2001,"Mann"
2001,"Mann"
2001,"Mann"
2001,"Mann"
2001,"Mann"
2001,"Mann"
2001,"Mann"
2001,"Mann"
2001,"Mann"
2001,"Mann"
2001,"Mann"
2001,"Mann"
2001,"Mann"
2001,"Mann"
2001,"Mann"
2001,"Mann"
2001,"Mann"
2001,"Mann"
2001,"Mann"
2001,"Mann"
2001,"Mann"
2001,"Mann"
2001,"Mann"
2001,"Mann"
2001,"Mann"
2001,"Mann"
2001,"Mann"
2001,"Mann"
2001,"Mann"
2001,"Mann"
2001,"Mann"
2002,"Frau"
2002,"Frau"
2002,"Frau"
2002,"Frau"
2002,"Frau"
2002,"Frau"
2002,"Frau"
2002,"Frau"
2002,"Frau"
2002,"Frau"
2002,"Frau"
2002,"Frau"
2002,"Frau"
2002,"Frau"
2002,"Mann"
2002,"Mann"
2002,"Mann"
2002,"Mann"
2002,"Mann"
2002,"Mann"
2002,"Mann"
2002,"Mann"
2002,"Mann"
2002,"Mann"
2002,"Mann"
2002,"Mann"
2002,"Mann"
2002,"Mann"
2002,"Mann"
2002,"Mann"
2002,"Mann"
2002,"Mann"
2002,"Mann"
2002,"Mann"
2002,"Mann"
2002,"Mann"
2002,"Mann"
2002,"Mann"
2002,"Mann"
2002,"Mann"
2002,"Mann"
2002,"Mann"
2002,"Mann"
2002,"Mann"
2002,"Mann"
2002,"Mann"
2002,"Mann"
2002,"Mann"
2002,"Mann"
2002,"Mann"
2002,"Mann"
2002,"Mann"
2002,"Mann"
2002,"Mann"
2002,"Mann"
2002,"Mann"
2002,"Mann"
2002,"Mann"
2002,"Mann"
2002,"Mann"
2002,"Mann"
2002,"Mann"
2002,"Mann"
2002,"Mann"
2002,"Mann"
2002,"Mann"
2002,"Mann"
2002,"Mann"
2002,"Mann"
2002,"Mann"
2002,"Mann"
2002,"Mann"
2002,"Mann"
2002,"Mann"
2002,"Mann"
2002,"Mann"
2002,"Mann"
2002,"Mann"
2002,"Mann"
2002,"Mann"
2002,"Mann"
2002,"Mann"
2002,"Mann"
2002,"Mann"
2002,"Mann"
2002,"Mann"
2002,"Mann"
2002,"Mann"
2002,"Mann"
2002,"Mann"
2002,"Mann"
2002,"Mann"
2002,"Mann"
2002,"Mann"
2002,"Mann"
2002,"Mann"
2002,"Mann"
2002,"Mann"
2002,"Mann"
2002,"Mann"
2003,"Frau"
2003,"Frau"
2003,"Frau"
2003,"Frau"
2003,"Frau"
2003,"Frau"
2003,"Frau"
2003,"Frau"
2003,"Frau"
2003,"Frau"
2003,"Frau"
2003,"Frau"
2003,"Frau"
2003,"Frau"
2003,"Mann"
2003,"Mann"
2003,"Mann"
2003,"Mann"
2003,"Mann"
2003,"Mann"
2003,"Mann"
2003,"Mann"
2003,"Mann"
2003,"Mann"
2003,"Mann"
2003,"Mann"
2003,"Mann"
2003,"Mann"
2003,"Mann"
2003,"Mann"
2003,"Mann"
2003,"Mann"
2003,"Mann"
2003,"Mann"
2003,"Mann"
2003,"Mann"
2003,"Mann"
2003,"Mann"
2003,"Mann"
2003,"Mann"
2003,"Mann"
2003,"Mann"
2003,"Mann"
2003,"Mann"
2003,"Mann"
2003,"Mann"
2003,"Mann"
2003,"Mann"
2003,"Mann"
2003,"Mann"
2003,"Mann"
2003,"Mann"
2003,"Mann"
2003,"Mann"
2003,"Mann"
2003,"Mann"
2003,"Mann"
2003,"Mann"
2003,"Mann"
2003,"Mann"
2003,"Mann"
2003,"Mann"
2003,"Mann"
2003,"Mann"
2003,"Mann"
2003,"Mann"
2003,"Mann"
2003,"Mann"
2003,"Mann"
2003,"Mann"
2003,"Mann"
2003,"Mann"
2003,"Mann"
2003,"Mann"
2003,"Mann"
2003,"Mann"
2003,"Mann"
2003,"Mann"
2003,"Mann"
2003,"Mann"
2003,"Mann"
2003,"Mann"
2003,"Mann"
2003,"Mann"
2003,"Mann"
2003,"Mann"
2003,"Mann"
2003,"Mann"
2003,"Mann"
2003,"Mann"
2003,"Mann"
2003,"Mann"
2003,"Mann"
2003,"Mann"
2003,"Mann"
2003,"Mann"
2003,"Mann"
2003,"Mann"
2003,"Mann"
2003,"Mann"
2004,"Frau"
2004,"Frau"
2004,"Frau"
2004,"Frau"
2004,"Frau"
2004,"Frau"
2004,"Frau"
2004,"Frau"
2004,"Frau"
2004,"Frau"
2004,"Frau"
2004,"Frau"
2004,"Frau"
2004,"Frau"
2004,"Mann"
2004,"Mann"
2004,"Mann"
2004,"Mann"
2004,"Mann"
2004,"Mann"
2004,"Mann"
2004,"Mann"
2004,"Mann"
2004,"Mann"
2004,"Mann"
2004,"Mann"
2004,"Mann"
2004,"Mann"
2004,"Mann"
2004,"Mann"
2004,"Mann"
2004,"Mann"
2004,"Mann"
2004,"Mann"
2004,"Mann"
2004,"Mann"
2004,"Mann"
2004,"Mann"
2004,"Mann"
2004,"Mann"
2004,"Mann"
2004,"Mann"
2004,"Mann"
2004,"Mann"
2004,"Mann"
2004,"Mann"
2004,"Mann"
2004,"Mann"
2004,"Mann"
2004,"Mann"
2004,"Mann"
2004,"Mann"
2004,"Mann"
2004,"Mann"
2004,"Mann"
2004,"Mann"
2004,"Mann"
2004,"Mann"
2004,"Mann"
2004,"Mann"
2004,"Mann"
2004,"Mann"
2004,"Mann"
2004,"Mann"
2004,"Mann"
2004,"Mann"
2004,"Mann"
2004,"Mann"
2004,"Mann"
2004,"Mann"
2004,"Mann"
2004,"Mann"
2004,"Mann"
2004,"Mann"
2004,"Mann"
2004,"Mann"
2004,"Mann"
2004,"Mann"
2004,"Mann"
2004,"Mann"
2004,"Mann"
2004,"Mann"
2004,"Mann"
2004,"Mann"
2004,"Mann"
2004,"Mann"
2004,"Mann"
2004,"Mann"
2004,"Mann"
2004,"Mann"
2004,"Mann"
2004,"Mann"
2004,"Mann"
2004,"Mann"
2004,"Mann"
2004,"Mann"
2004,"Mann"
2004,"Mann"
2004,"Mann"
2004,"Mann"
2005,"Frau"
2005,"Frau"
2005,"Frau"
2005,"Frau"
2005,"Frau"
2005,"Frau"
2005,"Frau"
2005,"Frau"
2005,"Frau"
2005,"Frau"
2005,"Frau"
2005,"Frau"
2005,"Frau"
2005,"Frau"
2005,"Frau"
2005,"Mann"
2005,"Mann"
2005,"Mann"
2005,"Mann"
2005,"Mann"
2005,"Mann"
2005,"Mann"
2005,"Mann"
2005,"Mann"
2005,"Mann"
2005,"Mann"
2005,"Mann"
2005,"Mann"
2005,"Mann"
2005,"Mann"
2005,"Mann"
2005,"Mann"
2005,"Mann"
2005,"Mann"
2005,"Mann"
2005,"Mann"
2005,"Mann"
2005,"Mann"
2005,"Mann"
2005,"Mann"
2005,"Mann"
2005,"Mann"
2005,"Mann"
2005,"Mann"
2005,"Mann"
2005,"Mann"
2005,"Mann"
2005,"Mann"
2005,"Mann"
2005,"Mann"
2005,"Mann"
2005,"Mann"
2005,"Mann"
2005,"Mann"
2005,"Mann"
2005,"Mann"
2005,"Mann"
2005,"Mann"
2005,"Mann"
2005,"Mann"
2005,"Mann"
2005,"Mann"
2005,"Mann"
2005,"Mann"
2005,"Mann"
2005,"Mann"
2005,"Mann"
2005,"Mann"
2005,"Mann"
2005,"Mann"
2005,"Mann"
2005,"Mann"
2005,"Mann"
2005,"Mann"
2005,"Mann"
2005,"Mann"
2005,"Mann"
2005,"Mann"
2005,"Mann"
2005,"Mann"
2005,"Mann"
2005,"Mann"
2005,"Mann"
2005,"Mann"
2005,"Mann"
2005,"Mann"
2005,"Mann"
2005,"Mann"
2005,"Mann"
2005,"Mann"
2005,"Mann"
2005,"Mann"
2005,"Mann"
2005,"Mann"
2005,"Mann"
2005,"Mann"
2005,"Mann"
2005,"Mann"
2005,"Mann"
2005,"Mann"
2006,"Frau"
2006,"Frau"
2006,"Frau"
2006,"Frau"
2006,"Frau"
2006,"Frau"
2006,"Frau"
2006,"Frau"
2006,"Frau"
2006,"Frau"
2006,"Frau"
2006,"Frau"
2006,"Frau"
2006,"Frau"
2006,"Frau"
2006,"Frau"
2006,"Mann"
2006,"Mann"
2006,"Mann"
2006,"Mann"
2006,"Mann"
2006,"Mann"
2006,"Mann"
2006,"Mann"
2006,"Mann"
2006,"Mann"
2006,"Mann"
2006,"Mann"
2006,"Mann"
2006,"Mann"
2006,"Mann"
2006,"Mann"
2006,"Mann"
2006,"Mann"
2006,"Mann"
2006,"Mann"
2006,"Mann"
2006,"Mann"
2006,"Mann"
2006,"Mann"
2006,"Mann"
2006,"Mann"
2006,"Mann"
2006,"Mann"
2006,"Mann"
2006,"Mann"
2006,"Mann"
2006,"Mann"
2006,"Mann"
2006,"Mann"
2006,"Mann"
2006,"Mann"
2006,"Mann"
2006,"Mann"
2006,"Mann"
2006,"Mann"
2006,"Mann"
2006,"Mann"
2006,"Mann"
2006,"Mann"
2006,"Mann"
2006,"Mann"
2006,"Mann"
2006,"Mann"
2006,"Mann"
2006,"Mann"
2006,"Mann"
2006,"Mann"
2006,"Mann"
2006,"Mann"
2006,"Mann"
2006,"Mann"
2006,"Mann"
2006,"Mann"
2006,"Mann"
2006,"Mann"
2006,"Mann"
2006,"Mann"
2006,"Mann"
2006,"Mann"
2006,"Mann"
2006,"Mann"
2006,"Mann"
2006,"Mann"
2006,"Mann"
2006,"Mann"
2006,"Mann"
2006,"Mann"
2006,"Mann"
2006,"Mann"
2006,"Mann"
2006,"Mann"
2006,"Mann"
2006,"Mann"
2006,"Mann"
2006,"Mann"
2006,"Mann"
2006,"Mann"
2006,"Mann"
2006,"Mann"
2007,"Frau"
2007,"Frau"
2007,"Frau"
2007,"Frau"
2007,"Frau"
2007,"Frau"
2007,"Frau"
2007,"Frau"
2007,"Frau"
2007,"Frau"
2007,"Frau"
2007,"Frau"
2007,"Frau"
2007,"Frau"
2007,"Frau"
2007,"Frau"
2007,"Frau"
2007,"Mann"
2007,"Mann"
2007,"Mann"
2007,"Mann"
2007,"Mann"
2007,"Mann"
2007,"Mann"
2007,"Mann"
2007,"Mann"
2007,"Mann"
2007,"Mann"
2007,"Mann"
2007,"Mann"
2007,"Mann"
2007,"Mann"
2007,"Mann"
2007,"Mann"
2007,"Mann"
2007,"Mann"
2007,"Mann"
2007,"Mann"
2007,"Mann"
2007,"Mann"
2007,"Mann"
2007,"Mann"
2007,"Mann"
2007,"Mann"
2007,"Mann"
2007,"Mann"
2007,"Mann"
2007,"Mann"
2007,"Mann"
2007,"Mann"
2007,"Mann"
2007,"Mann"
2007,"Mann"
2007,"Mann"
2007,"Mann"
2007,"Mann"
2007,"Mann"
2007,"Mann"
2007,"Mann"
2007,"Mann"
2007,"Mann"
2007,"Mann"
2007,"Mann"
2007,"Mann"
2007,"Mann"
2007,"Mann"
2007,"Mann"
2007,"Mann"
2007,"Mann"
2007,"Mann"
2007,"Mann"
2007,"Mann"
2007,"Mann"
2007,"Mann"
2007,"Mann"
2007,"Mann"
2007,"Mann"
2007,"Mann"
2007,"Mann"
2007,"Mann"
2007,"Mann"
2007,"Mann"
2007,"Mann"
2007,"Mann"
2007,"Mann"
2007,"Mann"
2007,"Mann"
2007,"Mann"
2007,"Mann"
2007,"Mann"
2007,"Mann"
2007,"Mann"
2007,"Mann"
2007,"Mann"
2007,"Mann"
2007,"Mann"
2007,"Mann"
2007,"Mann"
2007,"Mann"
2007,"Mann"
2008,"Frau"
2008,"Frau"
2008,"Frau"
2008,"Frau"
2008,"Frau"
2008,"Frau"
2008,"Frau"
2008,"Frau"
2008,"Frau"
2008,"Frau"
2008,"Frau"
2008,"Frau"
2008,"Frau"
2008,"Frau"
2008,"Frau"
2008,"Frau"
2008,"Frau"
2008,"Mann"
2008,"Mann"
2008,"Mann"
2008,"Mann"
2008,"Mann"
2008,"Mann"
2008,"Mann"
2008,"Mann"
2008,"Mann"
2008,"Mann"
2008,"Mann"
2008,"Mann"
2008,"Mann"
2008,"Mann"
2008,"Mann"
2008,"Mann"
2008,"Mann"
2008,"Mann"
2008,"Mann"
2008,"Mann"
2008,"Mann"
2008,"Mann"
2008,"Mann"
2008,"Mann"
2008,"Mann"
2008,"Mann"
2008,"Mann"
2008,"Mann"
2008,"Mann"
2008,"Mann"
2008,"Mann"
2008,"Mann"
2008,"Mann"
2008,"Mann"
2008,"Mann"
2008,"Mann"
2008,"Mann"
2008,"Mann"
2008,"Mann"
2008,"Mann"
2008,"Mann"
2008,"Mann"
2008,"Mann"
2008,"Mann"
2008,"Mann"
2008,"Mann"
2008,"Mann"
2008,"Mann"
2008,"Mann"
2008,"Mann"
2008,"Mann"
2008,"Mann"
2008,"Mann"
2008,"Mann"
2008,"Mann"
2008,"Mann"
2008,"Mann"
2008,"Mann"
2008,"Mann"
2008,"Mann"
2008,"Mann"
2008,"Mann"
2008,"Mann"
2008,"Mann"
2008,"Mann"
2008,"Mann"
2008,"Mann"
2008,"Mann"
2008,"Mann"
2008,"Mann"
2008,"Mann"
2008,"Mann"
2008,"Mann"
2008,"Mann"
2008,"Mann"
2008,"Mann"
2008,"Mann"
2008,"Mann"
2008,"Mann"
2008,"Mann"
2008,"Mann"
2008,"Mann"
2008,"Mann"
2009,"Frau"
2009,"Frau"
2009,"Frau"
2009,"Frau"
2009,"Frau"
2009,"Frau"
2009,"Frau"
2009,"Frau"
2009,"Frau"
2009,"Frau"
2009,"Frau"
2009,"Frau"
2009,"Frau"
2009,"Frau"
2009,"Frau"
2009,"Frau"
2009,"Frau"
2009,"Mann"
2009,"Mann"
2009,"Mann"
2009,"Mann"
2009,"Mann"
2009,"Mann"
2009,"Mann"
2009,"Mann"
2009,"Mann"
2009,"Mann"
2009,"Mann"
2009,"Mann"
2009,"Mann"
2009,"Mann"
2009,"Mann"
2009,"Mann"
2009,"Mann"
2009,"Mann"
2009,"Mann"
2009,"Mann"
2009,"Mann"
2009,"Mann"
2009,"Mann"
2009,"Mann"
2009,"Mann"
2009,"Mann"
2009,"Mann"
2009,"Mann"
2009,"Mann"
2009,"Mann"
2009,"Mann"
2009,"Mann"
2009,"Mann"
2009,"Mann"
2009,"Mann"
2009,"Mann"
2009,"Mann"
2009,"Mann"
2009,"Mann"
2009,"Mann"
2009,"Mann"
2009,"Mann"
2009,"Mann"
2009,"Mann"
2009,"Mann"
2009,"Mann"
2009,"Mann"
2009,"Mann"
2009,"Mann"
2009,"Mann"
2009,"Mann"
2009,"Mann"
2009,"Mann"
2009,"Mann"
2009,"Mann"
2009,"Mann"
2009,"Mann"
2009,"Mann"
2009,"Mann"
2009,"Mann"
2009,"Mann"
2009,"Mann"
2009,"Mann"
2009,"Mann"
2009,"Mann"
2009,"Mann"
2009,"Mann"
2009,"Mann"
2009,"Mann"
2009,"Mann"
2009,"Mann"
2009,"Mann"
2009,"Mann"
2009,"Mann"
2009,"Mann"
2009,"Mann"
2009,"Mann"
2009,"Mann"
2009,"Mann"
2009,"Mann"
2009,"Mann"
2009,"Mann"
2009,"Mann"
2010,"Frau"
2010,"Frau"
2010,"Frau"
2010,"Frau"
2010,"Frau"
2010,"Frau"
2010,"Frau"
2010,"Frau"
2010,"Frau"
2010,"Frau"
2010,"Frau"
2010,"Frau"
2010,"Frau"
2010,"Frau"
2010,"Frau"
2010,"Frau"
2010,"Frau"
2010,"Mann"
2010,"Mann"
2010,"Mann"
2010,"Mann"
2010,"Mann"
2010,"Mann"
2010,"Mann"
2010,"Mann"
2010,"Mann"
2010,"Mann"
2010,"Mann"
2010,"Mann"
2010,"Mann"
2010,"Mann"
2010,"Mann"
2010,"Mann"
2010,"Mann"
2010,"Mann"
2010,"Mann"
2010,"Mann"
2010,"Mann"
2010,"Mann"
2010,"Mann"
2010,"Mann"
2010,"Mann"
2010,"Mann"
2010,"Mann"
2010,"Mann"
2010,"Mann"
2010,"Mann"
2010,"Mann"
2010,"Mann"
2010,"Mann"
2010,"Mann"
2010,"Mann"
2010,"Mann"
2010,"Mann"
2010,"Mann"
2010,"Mann"
2010,"Mann"
2010,"Mann"
2010,"Mann"
2010,"Mann"
2010,"Mann"
2010,"Mann"
2010,"Mann"
2010,"Mann"
2010,"Mann"
2010,"Mann"
2010,"Mann"
2010,"Mann"
2010,"Mann"
2010,"Mann"
2010,"Mann"
2010,"Mann"
2010,"Mann"
2010,"Mann"
2010,"Mann"
2010,"Mann"
2010,"Mann"
2010,"Mann"
2010,"Mann"
2010,"Mann"
2010,"Mann"
2010,"Mann"
2010,"Mann"
2010,"Mann"
2010,"Mann"
2010,"Mann"
2010,"Mann"
2010,"Mann"
2010,"Mann"
2010,"Mann"
2010,"Mann"
2010,"Mann"
2010,"Mann"
2010,"Mann"
2010,"Mann"
2010,"Mann"
2010,"Mann"
2010,"Mann"
2010,"Mann"
2010,"Mann"
2011,"Frau"
2011,"Frau"
2011,"Frau"
2011,"Frau"
2011,"Frau"
2011,"Frau"
2011,"Frau"
2011,"Frau"
2011,"Frau"
2011,"Frau"
2011,"Frau"
2011,"Frau"
2011,"Frau"
2011,"Frau"
2011,"Frau"
2011,"Frau"
2011,"Frau"
2011,"Frau"
2011,"Mann"
2011,"Mann"
2011,"Mann"
2011,"Mann"
2011,"Mann"
2011,"Mann"
2011,"Mann"
2011,"Mann"
2011,"Mann"
2011,"Mann"
2011,"Mann"
2011,"Mann"
2011,"Mann"
2011,"Mann"
2011,"Mann"
2011,"Mann"
2011,"Mann"
2011,"Mann"
2011,"Mann"
2011,"Mann"
2011,"Mann"
2011,"Mann"
2011,"Mann"
2011,"Mann"
2011,"Mann"
2011,"Mann"
2011,"Mann"
2011,"Mann"
2011,"Mann"
2011,"Mann"
2011,"Mann"
2011,"Mann"
2011,"Mann"
2011,"Mann"
2011,"Mann"
2011,"Mann"
2011,"Mann"
2011,"Mann"
2011,"Mann"
2011,"Mann"
2011,"Mann"
2011,"Mann"
2011,"Mann"
2011,"Mann"
2011,"Mann"
2011,"Mann"
2011,"Mann"
2011,"Mann"
2011,"Mann"
2011,"Mann"
2011,"Mann"
2011,"Mann"
2011,"Mann"
2011,"Mann"
2011,"Mann"
2011,"Mann"
2011,"Mann"
2011,"Mann"
2011,"Mann"
2011,"Mann"
2011,"Mann"
2011,"Mann"
2011,"Mann"
2011,"Mann"
2011,"Mann"
2011,"Mann"
2011,"Mann"
2011,"Mann"
2011,"Mann"
2011,"Mann"
2011,"Mann"
2011,"Mann"
2011,"Mann"
2011,"Mann"
2011,"Mann"
2011,"Mann"
2011,"Mann"
2011,"Mann"
2011,"Mann"
2011,"Mann"
2011,"Mann"
2011,"Mann"
2012,"Frau"
2012,"Frau"
2012,"Frau"
2012,"Frau"
2012,"Frau"
2012,"Frau"
2012,"Frau"
2012,"Frau"
2012,"Frau"
2012,"Frau"
2012,"Frau"
2012,"Frau"
2012,"Frau"
2012,"Frau"
2012,"Frau"
2012,"Frau"
2012,"Frau"
2012,"Frau"
2012,"Frau"
2012,"Mann"
2012,"Mann"
2012,"Mann"
2012,"Mann"
2012,"Mann"
2012,"Mann"
2012,"Mann"
2012,"Mann"
2012,"Mann"
2012,"Mann"
2012,"Mann"
2012,"Mann"
2012,"Mann"
2012,"Mann"
2012,"Mann"
2012,"Mann"
2012,"Mann"
2012,"Mann"
2012,"Mann"
2012,"Mann"
2012,"Mann"
2012,"Mann"
2012,"Mann"
2012,"Mann"
2012,"Mann"
2012,"Mann"
2012,"Mann"
2012,"Mann"
2012,"Mann"
2012,"Mann"
2012,"Mann"
2012,"Mann"
2012,"Mann"
2012,"Mann"
2012,"Mann"
2012,"Mann"
2012,"Mann"
2012,"Mann"
2012,"Mann"
2012,"Mann"
2012,"Mann"
2012,"Mann"
2012,"Mann"
2012,"Mann"
2012,"Mann"
2012,"Mann"
2012,"Mann"
2012,"Mann"
2012,"Mann"
2012,"Mann"
2012,"Mann"
2012,"Mann"
2012,"Mann"
2012,"Mann"
2012,"Mann"
2012,"Mann"
2012,"Mann"
2012,"Mann"
2012,"Mann"
2012,"Mann"
2012,"Mann"
2012,"Mann"
2012,"Mann"
2012,"Mann"
2012,"Mann"
2012,"Mann"
2012,"Mann"
2012,"Mann"
2012,"Mann"
2012,"Mann"
2012,"Mann"
2012,"Mann"
2012,"Mann"
2012,"Mann"
2012,"Mann"
2012,"Mann"
2012,"Mann"
2012,"Mann"
2012,"Mann"
2012,"Mann"
2012,"Mann"
2013,"Frau"
2013,"Frau"
2013,"Frau"
2013,"Frau"
2013,"Frau"
2013,"Frau"
2013,"Frau"
2013,"Frau"
2013,"Frau"
2013,"Frau"
2013,"Frau"
2013,"Frau"
2013,"Frau"
2013,"Frau"
2013,"Frau"
2013,"Frau"
2013,"Frau"
2013,"Frau"
2013,"Frau"
2013,"Frau"
2013,"Mann"
2013,"Mann"
2013,"Mann"
2013,"Mann"
2013,"Mann"
2013,"Mann"
2013,"Mann"
2013,"Mann"
2013,"Mann"
2013,"Mann"
2013,"Mann"
2013,"Mann"
2013,"Mann"
2013,"Mann"
2013,"Mann"
2013,"Mann"
2013,"Mann"
2013,"Mann"
2013,"Mann"
2013,"Mann"
2013,"Mann"
2013,"Mann"
2013,"Mann"
2013,"Mann"
2013,"Mann"
2013,"Mann"
2013,"Mann"
2013,"Mann"
2013,"Mann"
2013,"Mann"
2013,"Mann"
2013,"Mann"
2013,"Mann"
2013,"Mann"
2013,"Mann"
2013,"Mann"
2013,"Mann"
2013,"Mann"
2013,"Mann"
2013,"Mann"
2013,"Mann"
2013,"Mann"
2013,"Mann"
2013,"Mann"
2013,"Mann"
2013,"Mann"
2013,"Mann"
2013,"Mann"
2013,"Mann"
2013,"Mann"
2013,"Mann"
2013,"Mann"
2013,"Mann"
2013,"Mann"
2013,"Mann"
2013,"Mann"
2013,"Mann"
2013,"Mann"
2013,"Mann"
2013,"Mann"
2013,"Mann"
2013,"Mann"
2013,"Mann"
2013,"Mann"
2013,"Mann"
2013,"Mann"
2013,"Mann"
2013,"Mann"
2013,"Mann"
2013,"Mann"
2013,"Mann"
2013,"Mann"
2013,"Mann"
2013,"Mann"
2013,"Mann"
2013,"Mann"
2013,"Mann"
2013,"Mann"
2013,"Mann"
2013,"Mann"
2014,"Frau"
2014,"Frau"
2014,"Frau"
2014,"Frau"
2014,"Frau"
2014,"Frau"
2014,"Frau"
2014,"Frau"
2014,"Frau"
2014,"Frau"
2014,"Frau"
2014,"Frau"
2014,"Frau"
2014,"Frau"
2014,"Frau"
2014,"Frau"
2014,"Frau"
2014,"Frau"
2014,"Frau"
2014,"Frau"
2014,"Mann"
2014,"Mann"
2014,"Mann"
2014,"Mann"
2014,"Mann"
2014,"Mann"
2014,"Mann"
2014,"Mann"
2014,"Mann"
2014,"Mann"
2014,"Mann"
2014,"Mann"
2014,"Mann"
2014,"Mann"
2014,"Mann"
2014,"Mann"
2014,"Mann"
2014,"Mann"
2014,"Mann"
2014,"Mann"
2014,"Mann"
2014,"Mann"
2014,"Mann"
2014,"Mann"
2014,"Mann"
2014,"Mann"
2014,"Mann"
2014,"Mann"
2014,"Mann"
2014,"Mann"
2014,"Mann"
2014,"Mann"
2014,"Mann"
2014,"Mann"
2014,"Mann"
2014,"Mann"
2014,"Mann"
2014,"Mann"
2014,"Mann"
2014,"Mann"
2014,"Mann"
2014,"Mann"
2014,"Mann"
2014,"Mann"
2014,"Mann"
2014,"Mann"
2014,"Mann"
2014,"Mann"
2014,"Mann"
2014,"Mann"
2014,"Mann"
2014,"Mann"
2014,"Mann"
2014,"Mann"
2014,"Mann"
2014,"Mann"
2014,"Mann"
2014,"Mann"
2014,"Mann"
2014,"Mann"
2014,"Mann"
2014,"Mann"
2014,"Mann"
2014,"Mann"
2014,"Mann"
2014,"Mann"
2014,"Mann"
2014,"Mann"
2014,"Mann"
2014,"Mann"
2014,"Mann"
2014,"Mann"
2014,"Mann"
2014,"Mann"
2014,"Mann"
2014,"Mann"
2014,"Mann"
2014,"Mann"
2014,"Mann"
2014,"Mann"
2015,"Frau"
2015,"Frau"
2015,"Frau"
2015,"Frau"
2015,"Frau"
2015,"Frau"
2015,"Frau"
2015,"Frau"
2015,"Frau"
2015,"Frau"
2015,"Frau"
2015,"Frau"
2015,"Frau"
2015,"Frau"
2015,"Frau"
2015,"Frau"
2015,"Frau"
2015,"Frau"
2015,"Frau"
2015,"Frau"
2015,"Frau"
2015,"Mann"
2015,"Mann"
2015,"Mann"
2015,"Mann"
2015,"Mann"
2015,"Mann"
2015,"Mann"
2015,"Mann"
2015,"Mann"
2015,"Mann"
2015,"Mann"
2015,"Mann"
2015,"Mann"
2015,"Mann"
2015,"Mann"
2015,"Mann"
2015,"Mann"
2015,"Mann"
2015,"Mann"
2015,"Mann"
2015,"Mann"
2015,"Mann"
2015,"Mann"
2015,"Mann"
2015,"Mann"
2015,"Mann"
2015,"Mann"
2015,"Mann"
2015,"Mann"
2015,"Mann"
2015,"Mann"
2015,"Mann"
2015,"Mann"
2015,"Mann"
2015,"Mann"
2015,"Mann"
2015,"Mann"
2015,"Mann"
2015,"Mann"
2015,"Mann"
2015,"Mann"
2015,"Mann"
2015,"Mann"
2015,"Mann"
2015,"Mann"
2015,"Mann"
2015,"Mann"
2015,"Mann"
2015,"Mann"
2015,"Mann"
2015,"Mann"
2015,"Mann"
2015,"Mann"
2015,"Mann"
2015,"Mann"
2015,"Mann"
2015,"Mann"
2015,"Mann"
2015,"Mann"
2015,"Mann"
2015,"Mann"
2015,"Mann"
2015,"Mann"
2015,"Mann"
2015,"Mann"
2015,"Mann"
2015,"Mann"
2015,"Mann"
2015,"Mann"
2015,"Mann"
2015,"Mann"
2015,"Mann"
2015,"Mann"
2015,"Mann"
2015,"Mann"
2015,"Mann"
2015,"Mann"
2015,"Mann"
2015,"Mann"
2016,"Frau"
2016,"Frau"
2016,"Frau"
2016,"Frau"
2016,"Frau"
2016,"Frau"
2016,"Frau"
2016,"Frau"
2016,"Frau"
2016,"Frau"
2016,"Frau"
2016,"Frau"
2016,"Frau"
2016,"Frau"
2016,"Frau"
2016,"Frau"
2016,"Frau"
2016,"Frau"
2016,"Frau"
2016,"Frau"
2016,"Frau"
2016,"Mann"
2016,"Mann"
2016,"Mann"
2016,"Mann"
2016,"Mann"
2016,"Mann"
2016,"Mann"
2016,"Mann"
2016,"Mann"
2016,"Mann"
2016,"Mann"
2016,"Mann"
2016,"Mann"
2016,"Mann"
2016,"Mann"
2016,"Mann"
2016,"Mann"
2016,"Mann"
2016,"Mann"
2016,"Mann"
2016,"Mann"
2016,"Mann"
2016,"Mann"
2016,"Mann"
2016,"Mann"
2016,"Mann"
2016,"Mann"
2016,"Mann"
2016,"Mann"
2016,"Mann"
2016,"Mann"
2016,"Mann"
2016,"Mann"
2016,"Mann"
2016,"Mann"
2016,"Mann"
2016,"Mann"
2016,"Mann"
2016,"Mann"
2016,"Mann"
2016,"Mann"
2016,"Mann"
2016,"Mann"
2016,"Mann"
2016,"Mann"
2016,"Mann"
2016,"Mann"
2016,"Mann"
2016,"Mann"
2016,"Mann"
2016,"Mann"
2016,"Mann"
2016,"Mann"
2016,"Mann"
2016,"Mann"
2016,"Mann"
2016,"Mann"
2016,"Mann"
2016,"Mann"
2016,"Mann"
2016,"Mann"
2016,"Mann"
2016,"Mann"
2016,"Mann"
2016,"Mann"
2016,"Mann"
2016,"Mann"
2016,"Mann"
2016,"Mann"
2016,"Mann"
2016,"Mann"
2016,"Mann"
2016,"Mann"
2016,"Mann"
2016,"Mann"
2016,"Mann"
2016,"Mann"
2016,"Mann"
2016,"Mann"
2017,"Frau"
2017,"Frau"
2017,"Frau"
2017,"Frau"
2017,"Frau"
2017,"Frau"
2017,"Frau"
2017,"Frau"
2017,"Frau"
2017,"Frau"
2017,"Frau"
2017,"Frau"
2017,"Frau"
2017,"Frau"
2017,"Frau"
2017,"Frau"
2017,"Frau"
2017,"Frau"
2017,"Frau"
2017,"Frau"
2017,"Frau"
2017,"Mann"
2017,"Mann"
2017,"Mann"
2017,"Mann"
2017,"Mann"
2017,"Mann"
2017,"Mann"
2017,"Mann"
2017,"Mann"
2017,"Mann"
2017,"Mann"
2017,"Mann"
2017,"Mann"
2017,"Mann"
2017,"Mann"
2017,"Mann"
2017,"Mann"
2017,"Mann"
2017,"Mann"
2017,"Mann"
2017,"Mann"
2017,"Mann"
2017,"Mann"
2017,"Mann"
2017,"Mann"
2017,"Mann"
2017,"Mann"
2017,"Mann"
2017,"Mann"
2017,"Mann"
2017,"Mann"
2017,"Mann"
2017,"Mann"
2017,"Mann"
2017,"Mann"
2017,"Mann"
2017,"Mann"
2017,"Mann"
2017,"Mann"
2017,"Mann"
2017,"Mann"
2017,"Mann"
2017,"Mann"
2017,"Mann"
2017,"Mann"
2017,"Mann"
2017,"Mann"
2017,"Mann"
2017,"Mann"
2017,"Mann"
2017,"Mann"
2017,"Mann"
2017,"Mann"
2017,"Mann"
2017,"Mann"
2017,"Mann"
2017,"Mann"
2017,"Mann"
2017,"Mann"
2017,"Mann"
2017,"Mann"
2017,"Mann"
2017,"Mann"
2017,"Mann"
2017,"Mann"
2017,"Mann"
2017,"Mann"
2017,"Mann"
2017,"Mann"
2017,"Mann"
2017,"Mann"
2017,"Mann"
2017,"Mann"
2017,"Mann"
2017,"Mann"
2017,"Mann"
2017,"Mann"
2017,"Mann"
2017,"Mann"
2018,"Frau"
2018,"Frau"
2018,"Frau"
2018,"Frau"
2018,"Frau"
2018,"Frau"
2018,"Frau"
2018,"Frau"
2018,"Frau"
2018,"Frau"
2018,"Frau"
2018,"Frau"
2018,"Frau"
2018,"Frau"
2018,"Frau"
2018,"Frau"
2018,"Frau"
2018,"Frau"
2018,"Frau"
2018,"Frau"
2018,"Frau"
2018,"Frau"
2018,"Mann"
2018,"Mann"
2018,"Mann"
2018,"Mann"
2018,"Mann"
2018,"Mann"
2018,"Mann"
2018,"Mann"
2018,"Mann"
2018,"Mann"
2018,"Mann"
2018,"Mann"
2018,"Mann"
2018,"Mann"
2018,"Mann"
2018,"Mann"
2018,"Mann"
2018,"Mann"
2018,"Mann"
2018,"Mann"
2018,"Mann"
2018,"Mann"
2018,"Mann"
2018,"Mann"
2018,"Mann"
2018,"Mann"
2018,"Mann"
2018,"Mann"
2018,"Mann"
2018,"Mann"
2018,"Mann"
2018,"Mann"
2018,"Mann"
2018,"Mann"
2018,"Mann"
2018,"Mann"
2018,"Mann"
2018,"Mann"
2018,"Mann"
2018,"Mann"
2018,"Mann"
2018,"Mann"
2018,"Mann"
2018,"Mann"
2018,"Mann"
2018,"Mann"
2018,"Mann"
2018,"Mann"
2018,"Mann"
2018,"Mann"
2018,"Mann"
2018,"Mann"
2018,"Mann"
2018,"Mann"
2018,"Mann"
2018,"Mann"
2018,"Mann"
2018,"Mann"
2018,"Mann"
2018,"Mann"
2018,"Mann"
2018,"Mann"
2018,"Mann"
2018,"Mann"
2018,"Mann"
2018,"Mann"
2018,"Mann"
2018,"Mann"
2018,"Mann"
2018,"Mann"
2018,"Mann"
2018,"Mann"
2018,"Mann"
2018,"Mann"
2018,"Mann"
2018,"Mann"
2018,"Mann"
2018,"Mann"
2019,"Frau"
2019,"Frau"
2019,"Frau"
2019,"Frau"
2019,"Frau"
2019,"Frau"
2019,"Frau"
2019,"Frau"
2019,"Frau"
2019,"Frau"
2019,"Frau"
2019,"Frau"
2019,"Frau"
2019,"Frau"
2019,"Frau"
2019,"Frau"
2019,"Frau"
2019,"Frau"
2019,"Frau"
2019,"Frau"
2019,"Frau"
2019,"Frau"
2019,"Frau"
2019,"Mann"
2019,"Mann"
2019,"Mann"
2019,"Mann"
2019,"Mann"
2019,"Mann"
2019,"Mann"
2019,"Mann"
2019,"Mann"
2019,"Mann"
2019,"Mann"
2019,"Mann"
2019,"Mann"
2019,"Mann"
2019,"Mann"
2019,"Mann"
2019,"Mann"
2019,"Mann"
2019,"Mann"
2019,"Mann"
2019,"Mann"
2019,"Mann"
2019,"Mann"
2019,"Mann"
2019,"Mann"
2019,"Mann"
2019,"Mann"
2019,"Mann"
2019,"Mann"
2019,"Mann"
2019,"Mann"
2019,"Mann"
2019,"Mann"
2019,"Mann"
2019,"Mann"
2019,"Mann"
2019,"Mann"
2019,"Mann"
2019,"Mann"
2019,"Mann"
2019,"Mann"
2019,"Mann"
2019,"Mann"
2019,"Mann"
2019,"Mann"
2019,"Mann"
2019,"Mann"
2019,"Mann"
2019,"Mann"
2019,"Mann"
2019,"Mann"
2019,"Mann"
2019,"Mann"
2019,"Mann"
2019,"Mann"
2019,"Mann"
2019,"Mann"
2019,"Mann"
2019,"Mann"
2019,"Mann"
2019,"Mann"
2019,"Mann"
2019,"Mann"
2019,"Mann"
2019,"Mann"
2019,"Mann"
2019,"Mann"
2019,"Mann"
2019,"Mann"
2019,"Mann"
2019,"Mann"
2019,"Mann"
2019,"Mann"
2019,"Mann"
2019,"Mann"
2019,"Mann"
2019,"Mann"
2020,"Frau"
2020,"Frau"
2020,"Frau"
2020,"Frau"
2020,"Frau"
2020,"Frau"
2020,"Frau"
2020,"Frau"
2020,"Frau"
2020,"Frau"
2020,"Frau"
2020,"Frau"
2020,"Frau"
2020,"Frau"
2020,"Frau"
2020,"Frau"
2020,"Frau"
2020,"Frau"
2020,"Frau"
2020,"Frau"
2020,"Frau"
2020,"Frau"
2020,"Frau"
2020,"Frau"
2020,"Mann"
2020,"Mann"
2020,"Mann"
2020,"Mann"
2020,"Mann"
2020,"Mann"
2020,"Mann"
2020,"Mann"
2020,"Mann"
2020,"Mann"
2020,"Mann"
2020,"Mann"
2020,"Mann"
2020,"Mann"
2020,"Mann"
2020,"Mann"
2020,"Mann"
2020,"Mann"
2020,"Mann"
2020,"Mann"
2020,"Mann"
2020,"Mann"
2020,"Mann"
2020,"Mann"
2020,"Mann"
2020,"Mann"
2020,"Mann"
2020,"Mann"
2020,"Mann"
2020,"Mann"
2020,"Mann"
2020,"Mann"
2020,"Mann"
2020,"Mann"
2020,"Mann"
2020,"Mann"
2020,"Mann"
2020,"Mann"
2020,"Mann"
2020,"Mann"
2020,"Mann"
2020,"Mann"
2020,"Mann"
2020,"Mann"
2020,"Mann"
2020,"Mann"
2020,"Mann"
2020,"Mann"
2020,"Mann"
2020,"Mann"
2020,"Mann"
2020,"Mann"
2020,"Mann"
2020,"Mann"
2020,"Mann"
2020,"Mann"
2020,"Mann"
2020,"Mann"
2020,"Mann"
2020,"Mann"
2020,"Mann"
2020,"Mann"
2020,"Mann"
2020,"Mann"
2020,"Mann"
2020,"Mann"
2020,"Mann"
2020,"Mann"
2020,"Mann"
2020,"Mann"
2020,"Mann"
2020,"Mann"
2020,"Mann"
2020,"Mann"
2020,"Mann"
2020,"Mann"
,
,
,
,
,
,
,
,
,
,
,
,
,
,
,
,
,
,
,
,
,
,
,
,
,
,
,
,
,
,
,
,
,
,
,
,
,
,
,
,
,
,
,
,
,
,
,
,
,
,
,
,
,
,
,
,
,
,
,
,
,
,
,
,
,
,
,
,
,
,
,
,
,
,
,
,
,
,
,
,
,
,
,
,
,
,
,
,
,
,
,
,
,
,
,
,
,
,
,
,
,
,
,
,
,
,
,
,
,
,
,
,
,
,
,
,
,
,
,
,
,
,
,
,
,
,
,
,
,
,
,
,
,
,
,
,
,
,
,
,
,
,
,
,
,
,
,
,
,
,
,
,
,
,
,
,
,
,
,
,
,
,
,
,
,
,
,
,
,
,
,
,
,
,
,
,
,
,
,
,
,
,
,
,
,
,
,
,
,
,
,
,
,
,
,
,
,
,
,
,
,
,
,
,
,
,
,
,
,
,
,
,
,
,
,
,
,
,
,
,
,
,
,
,
,
,
,
,
,
,
,
,
,
,
,
,
,
,
,
,
,
,
,
,
,
,
,
,
,
,
,
,
,
,
,
,
,
,
,
,
,
,
,
,
,
,
,
,
,
,
,
,
,
,
,
,
,
,
,
,
,
,
,
,
,
,
,
,
,
,
,
,
,
,
,
,
,
,
,
,
,
,
,
,
,
,
,
,
,
,
,
,
,
,
,
,
,
,
,
,
,
,
,
,
,
,
,
,
,
,
,
,
,
,
,
,
,
,
,
,
,
,
,
,
,
,
,
,
,
,
,
,
,
,
,
,
,
,
,
,
,
,
,
,
,
,
,
,
,
,
,
,
,
,
,
,
,
,
,
,
,
,
,
,
,
,
,
,
,
,
,
,
,
,
,
,
,
,
,
,
,
,
,
,
,
,
,
,
,
,
,
,
,
,
,
,
,
,
,
,
,
,
,
,
,
,
,
,
,
,
,
,
,
,
,
,
,
,
,
,
,
,
,
,
,
,
,
,
,
,
,
,
,
,
,
,
,
,
,
,
,
,
,
,
,
,
,
,
,
,
,
,
,
,
,
,
,
,
,
,
,
,
,
,
,
,
,
,
,
,
,
,
,
,
,
,
,
,
,
,
,
,
,
,
,
,
,
,
,
,
,
,
,
,
,
,
,
,
,
,
,
,
,
,
,
,
,
,
,
,
,
,
,
,
,
,
,
,
,
,
,
,
,
,
,
,
,
,
,
,
,
,
,
,
,
,
,
,
,
,
,
,
,
,
,
,
,
,
,
,
,
,
,
,
,
,
,
,
,
,
,
,
,
,
,
,
,
,
,
,
,
,
,
,
,
,
,
,
,
,
,
,
,
,
,
,
,
,
,
,
,
,
,
,
,
,
,
,
,
,
,
,
,
,
,
,
,
,
,
,
,
,
,
,
,
,
,
,
,
,
,
,
,
,
,
,
,
,
,
,
,
,
,
,
,
,
,
,
,
,
,
,
,
,
,
,
,
,
,
,
,
,
,
,
,
,
,
,
,
,
,
,
,
,
,
,
,
,
,
,
,
,
,
,
,
,
,
,
,
,
,
,
,
,
,
,
,
,
,
,
,
,
,
,
,
,
,
,
,
,
,
,
,
,
,
,
,
,
,
,
,
,
,
,
,
,
,
,
,
,
,
,
,
,
,
,
,
,
,
,
,
,
,
,
,
,
,
,
,
,
,
,
,
,
,
,
,
,
,
,
,
,
,
,
,
,
,
,
,
,
,
,
,
,
,
,
,
,
,
,
,
,
,
,
,
,
,
,
,
,
,
,
,
,
,
,
,
,
,
,
,
,
,
,
,
,
,
,
,
,
,
,
,
,
,
,
,
,
,
,
,
,
,
,
,
,
,
,
,
,
,
,
,
,
,
,
,
,
,
,
,
,
,
,
,
,
,
,
,
,
,
,
,
,
,
,
,
,
,
,
,
,
,
,
,
,
,
,
,
,
,
,
,
,
,
,
,
,
,
,
,
,
,
,
,
,
,
,
,
,
,
,
,
,
,
,
,
,
,
,
,
,
,
,
,
,
,
,
,
,
,
,
,
,
,
,
,
,
,
,
,
,
,
,
,
,
,
,
,
,
,
,
,
,
,
,
,
,
,
,
,
,
,
,
,
,
,
,
,
,
,
,
,
,
,
,
,
,
,
,
,
,
,
,
,
,
,
,
,
,
,
,
,
,
,
,
,
,
,
,
,
,
,
,
,
,
,
,
,
,
,
,
,
,
,
,
,
,
,
,
,
,
,
,
,
,
,
,
,
,
,
,
,
,
,
,
,
,
,
,
,
,
,
,
,
,
,
,
,
,
,
,
,
,
,
,
,
,
,
,
,
,
,
,
,
,
,
,
,
,
,
,
,
,
,
,
,
,
,
,
,
,
,
,
,
,
,
,
,
,
,
,
,
,
,
,
,
,
,
,
,
,
,
,
,
,
,
,
,
,
,
,
,
,
,
,
,
,
,
,
,
,
