Series Name,Series Code,Country Name,Country Code,2020 [YR2020],2019 [YR2019],2018 [YR2018],2017 [YR2017],2016 [YR2016],2015 [YR2015],2014 [YR2014],2013 [YR2013],2012 [YR2012],2011 [YR2011],2010 [YR2010],2009 [YR2009],2008 [YR2008],2007 [YR2007],2006 [YR2006],2005 [YR2005],2004 [YR2004],2003 [YR2003],2002 [YR2002],2001 [YR2001],2000 [YR2000],1999 [YR1999],1998 [YR1998],1997 [YR1997],1996 [YR1996],1995 [YR1995],1994 [YR1994],1993 [YR1993],1992 [YR1992],1991 [YR1991],1990 [YR1990],1989 [YR1989],1988 [YR1988],1987 [YR1987],1986 [YR1986],1985 [YR1985],1984 [YR1984],1983 [YR1983],1982 [YR1982],1981 [YR1981],1980 [YR1980],1979 [YR1979],1978 [YR1978],1977 [YR1977],1976 [YR1976],1975 [YR1975],1974 [YR1974],1973 [YR1973],1972 [YR1972],1971 [YR1971],1970 [YR1970],1969 [YR1969],1968 [YR1968],1967 [YR1967],1966 [YR1966],1965 [YR1965],1964 [YR1964],1963 [YR1963],1962 [YR1962],1961 [YR1961],1960 [YR1960]
Borrowed for education or school fees (% age 15+),fin22a.14.a,Germany,DEU,..,..,..,..,..,..,2.16908383369446,..,..,..,..,..,..,..,..,..,..,..,..,..,..,..,..,..,..,..,..,..,..,..,..,..,..,..,..,..,..,..,..,..,..,..,..,..,..,..,..,..,..,..,..,..,..,..,..,..,..,..,..,..,..
"Borrowed for education or school fees, female  (% age 15+)",fin22a.14.a.2,Germany,DEU,..,..,..,..,..,..,1.73299121856689,..,..,..,..,..,..,..,..,..,..,..,..,..,..,..,..,..,..,..,..,..,..,..,..,..,..,..,..,..,..,..,..,..,..,..,..,..,..,..,..,..,..,..,..,..,..,..,..,..,..,..,..,..,..
"Borrowed for education or school fees, male  (% age 15+)",fin22a.14.a.1,Germany,DEU,..,..,..,..,..,..,2.62422513961792,..,..,..,..,..,..,..,..,..,..,..,..,..,..,..,..,..,..,..,..,..,..,..,..,..,..,..,..,..,..,..,..,..,..,..,..,..,..,..,..,..,..,..,..,..,..,..,..,..,..,..,..,..,..
"Educational attainment, at least Bachelor's or equivalent, population 25+, female (%) (cumulative)",SE.TER.CUAT.BA.FE.ZS,Germany,DEU,..,..,21.0990505218506,..,20.6898708343506,19.8081092834473,19.1261692047119,..,..,..,..,..,..,..,..,..,..,..,..,..,..,..,..,..,..,..,..,..,..,..,..,..,..,..,..,..,..,..,..,..,..,..,..,..,..,..,..,..,..,..,..,..,..,..,..,..,..,..,..,..,..
"Educational attainment, at least Bachelor's or equivalent, population 25+, male (%) (cumulative)",SE.TER.CUAT.BA.MA.ZS,Germany,DEU,..,..,29.355920791626,..,30.7189807891846,29.9799098968506,29.5679607391357,..,..,..,..,..,..,..,..,..,..,..,..,..,..,..,..,..,..,..,..,..,..,..,..,..,..,..,..,..,..,..,..,..,..,..,..,..,..,..,..,..,..,..,..,..,..,..,..,..,..,..,..,..,..
"Educational attainment, at least Bachelor's or equivalent, population 25+, total (%) (cumulative)",SE.TER.CUAT.BA.ZS,Germany,DEU,..,..,25.1498794555664,..,25.5801200866699,24.7420501708984,24.1829490661621,..,..,..,..,..,..,..,..,..,..,..,..,..,..,..,..,..,..,..,..,..,..,..,..,..,..,..,..,..,..,..,..,..,..,..,..,..,..,..,..,..,..,..,..,..,..,..,..,..,..,..,..,..,..
"Educational attainment, at least completed lower secondary, population 25+, female (%) (cumulative)",SE.SEC.CUAT.LO.FE.ZS,Germany,DEU,..,..,96.1211700439453,..,96.2129592895508,96.4398422241211,96.5257034301758,96.361686706543,96.3856582641602,96.3666381835938,96.1299819946289,96.3602828979492,96.3851623535156,96.7584915161133,96.6081237792969,96.5074691772461,97.563346862793,..,..,..,..,..,..,..,..,..,..,..,..,..,..,..,..,..,..,..,..,..,..,..,..,..,..,..,..,..,..,..,..,..,..,..,..,..,..,..,..,..,..,..,..
"Educational attainment, at least completed lower secondary, population 25+, male (%) (cumulative)",SE.SEC.CUAT.LO.MA.ZS,Germany,DEU,..,..,96.5514068603516,..,96.8296127319336,97.0093765258789,97.0903396606445,96.9991989135742,97.0964508056641,97.0821380615234,96.9428176879883,97.0770034790039,97.1188201904297,97.4354629516602,97.2818832397461,97.3251266479492,97.9570236206055,..,..,..,..,..,..,..,..,..,..,..,..,..,..,..,..,..,..,..,..,..,..,..,..,..,..,..,..,..,..,..,..,..,..,..,..,..,..,..,..,..,..,..,..
"Educational attainment, at least completed lower secondary, population 25+, total (%) (cumulative)",SE.SEC.CUAT.LO.ZS,Germany,DEU,..,..,96.3322525024414,..,96.5136413574219,96.7161178588867,96.7991485595703,96.6717910766602,96.7308578491211,96.713623046875,96.5238418579102,96.7073287963867,96.7395401000977,97.0852127075195,96.9334335327148,96.9008636474609,97.7540130615234,..,..,..,..,..,..,..,..,..,..,..,..,..,..,..,..,..,..,..,..,..,..,..,..,..,..,..,..,..,..,..,..,..,..,..,..,..,..,..,..,..,..,..,..
"Educational attainment, at least completed post-secondary, population 25+, female (%) (cumulative)",SE.SEC.CUAT.PO.FE.ZS,Germany,DEU,..,..,33.5909385681152,..,32.8147201538086,31.3186492919922,30.014009475708,28.5556907653809,27.7795295715332,26.9802494049072,25.6357192993164,25.1243000030518,23.9706001281738,22.9386692047119,22.2927093505859,..,..,..,..,..,..,..,..,..,..,..,..,..,..,..,..,..,..,..,..,..,..,..,..,..,..,..,..,..,..,..,..,..,..,..,..,..,..,..,..,..,..,..,..,..,..
"Educational attainment, at least completed post-secondary, population 25+, male (%) (cumulative)",SE.SEC.CUAT.PO.MA.ZS,Germany,DEU,..,..,37.6619415283203,..,38.635009765625,37.692569732666,37.0557518005371,36.3252716064453,36.0448799133301,35.5776710510254,35.1728286743164,34.8621711730957,34.0019798278809,32.8308792114258,32.3749389648438,..,..,..,..,..,..,..,..,..,..,..,..,..,..,..,..,..,..,..,..,..,..,..,..,..,..,..,..,..,..,..,..,..,..,..,..,..,..,..,..,..,..,..,..,..,..
"Educational attainment, at least completed post-secondary, population 25+, total (%) (cumulative)",SE.SEC.CUAT.PO.ZS,Germany,DEU,..,..,35.5881805419922,..,35.6527214050293,34.4100914001465,33.4242095947266,32.3349189758301,31.7936401367188,31.1494998931885,30.2569007873535,29.8395595550537,28.8160705566406,27.7127704620361,27.1606197357178,..,..,..,..,..,..,..,..,..,..,..,..,..,..,..,..,..,..,..,..,..,..,..,..,..,..,..,..,..,..,..,..,..,..,..,..,..,..,..,..,..,..,..,..,..,..
"Educational attainment, at least completed primary, population 25+ years, female (%) (cumulative)",SE.PRM.CUAT.FE.ZS,Germany,DEU,..,..,100,..,100,100,100,100,100,100,100,100,100,100,100,100,100,..,..,..,..,..,..,..,..,..,..,..,..,..,..,..,..,..,..,..,..,..,..,..,..,..,..,..,..,..,..,..,..,..,..,..,..,..,..,..,..,..,..,..,..
"Educational attainment, at least completed primary, population 25+ years, male (%) (cumulative)",SE.PRM.CUAT.MA.ZS,Germany,DEU,..,..,100,..,100,100,100,100,100,100,100,100,100,100,100,100,100,..,..,..,..,..,..,..,..,..,..,..,..,..,..,..,..,..,..,..,..,..,..,..,..,..,..,..,..,..,..,..,..,..,..,..,..,..,..,..,..,..,..,..,..
"Educational attainment, at least completed primary, population 25+ years, total (%) (cumulative)",SE.PRM.CUAT.ZS,Germany,DEU,..,..,100,..,100,100,100,100,100,100,100,100,100,100,100,100,100,..,..,..,..,..,..,..,..,..,..,..,..,..,..,..,..,..,..,..,..,..,..,..,..,..,..,..,..,..,..,..,..,..,..,..,..,..,..,..,..,..,..,..,..
"Educational attainment, at least completed short-cycle tertiary, population 25+, female (%) (cumulative)",SE.TER.CUAT.ST.FE.ZS,Germany,DEU,..,..,21.550350189209,..,21.1380100250244,20.2910003662109,19.5942897796631,21.8204097747803,21.2212200164795,20.4853000640869,19.2387294769287,18.9221096038818,17.8673706054688,16.9487209320068,16.3792304992676,16.5399494171143,16.7975997924805,..,..,..,..,..,..,..,..,..,..,..,..,..,..,..,..,..,..,..,..,..,..,..,..,..,..,..,..,..,..,..,..,..,..,..,..,..,..,..,..,..,..,..,..
"Educational attainment, at least completed short-cycle tertiary, population 25+, male (%) (cumulative)",SE.TER.CUAT.ST.MA.ZS,Germany,DEU,..,..,30.0940208435059,..,31.4717807769775,30.8774299621582,30.4937591552734,30.4366607666016,30.2779598236084,29.8836193084717,29.6306304931641,29.4880504608154,28.5938091278076,27.3266696929932,27.0274906158447,28.0391902923584,28.2774696350098,..,..,..,..,..,..,..,..,..,..,..,..,..,..,..,..,..,..,..,..,..,..,..,..,..,..,..,..,..,..,..,..,..,..,..,..,..,..,..,..,..,..,..,..
"Educational attainment, at least completed short-cycle tertiary, population 25+, total (%) (cumulative)",SE.TER.CUAT.ST.ZS,Germany,DEU,..,..,25.7418899536133,..,26.1768093109131,25.4261207580566,24.8727207183838,26.0114803314209,25.6196708679199,25.0429401397705,24.2740898132324,24.0383396148682,23.0485801696777,21.957239151001,21.5204296112061,22.0724792480469,22.3575592041016,..,..,..,..,..,..,..,..,..,..,..,..,..,..,..,..,..,..,..,..,..,..,..,..,..,..,..,..,..,..,..,..,..,..,..,..,..,..,..,..,..,..,..,..
"Educational attainment, at least completed upper secondary, population 25+, female (%) (cumulative)",SE.SEC.CUAT.UP.FE.ZS,Germany,DEU,..,..,80.1103210449219,..,78.6063690185547,78.3045120239258,77.9313430786133,77.0654296875,76.4767303466797,75.9607391357422,75.1662902832031,74.3816909790039,73.6714782714844,72.42333984375,70.9299011230469,70.5457229614258,71.2605133056641,..,..,..,..,..,..,..,..,..,..,..,..,..,..,..,..,..,..,..,..,..,..,..,..,..,..,..,..,..,..,..,..,..,..,..,..,..,..,..,..,..,..,..,..
"Educational attainment, at least completed upper secondary, population 25+, male (%) (cumulative)",SE.SEC.CUAT.UP.MA.ZS,Germany,DEU,..,..,86.9406814575195,..,87.6301727294922,88.1513671875,88.3918914794922,87.8439483642578,87.9470901489258,87.8428115844727,87.4699478149414,87.2623596191406,87.1130294799805,86.2872085571289,85.2552490234375,85.2571029663086,86.1753082275391,..,..,..,..,..,..,..,..,..,..,..,..,..,..,..,..,..,..,..,..,..,..,..,..,..,..,..,..,..,..,..,..,..,..,..,..,..,..,..,..,..,..,..,..
"Educational attainment, at least completed upper secondary, population 25+, total (%) (cumulative)",SE.SEC.CUAT.UP.ZS,Germany,DEU,..,..,83.4613037109375,..,83.0064163208008,83.083366394043,82.9972076416016,82.3082504272461,82.04736328125,81.7228622436523,81.1279907226563,80.6187515258789,80.1641693115234,79.1142120361328,77.8464736938477,77.6236801147461,78.4840774536133,..,..,..,..,..,..,..,..,..,..,..,..,..,..,..,..,..,..,..,..,..,..,..,..,..,..,..,..,..,..,..,..,..,..,..,..,..,..,..,..,..,..,..,..
"Educational attainment, at least Master's or equivalent, population 25+, female (%) (cumulative)",SE.TER.CUAT.MS.FE.ZS,Germany,DEU,..,..,10.4831600189209,..,10.6289596557617,10.1028900146484,9.77007961273193,..,..,..,..,..,..,..,..,..,..,..,..,..,..,..,..,..,..,..,..,..,..,..,..,..,..,..,..,..,..,..,..,..,..,..,..,..,..,..,..,..,..,..,..,..,..,..,..,..,..,..,..,..,..
"Educational attainment, at least Master's or equivalent, population 25+, male (%) (cumulative)",SE.TER.CUAT.MS.MA.ZS,Germany,DEU,..,..,11.9414396286011,..,12.43284034729,12.0227699279785,11.7912397384644,..,..,..,..,..,..,..,..,..,..,..,..,..,..,..,..,..,..,..,..,..,..,..,..,..,..,..,..,..,..,..,..,..,..,..,..,..,..,..,..,..,..,..,..,..,..,..,..,..,..,..,..,..,..
"Educational attainment, at least Master's or equivalent, population 25+, total (%) (cumulative)",SE.TER.CUAT.MS.ZS,Germany,DEU,..,..,11.1985902786255,..,11.5085496902466,11.0329399108887,10.7488899230957,..,..,..,..,..,..,..,..,..,..,..,..,..,..,..,..,..,..,..,..,..,..,..,..,..,..,..,..,..,..,..,..,..,..,..,..,..,..,..,..,..,..,..,..,..,..,..,..,..,..,..,..,..,..
"Educational attainment, Doctoral or equivalent, population 25+, female (%) (cumulative)",SE.TER.CUAT.DO.FE.ZS,Germany,DEU,..,..,0.86777001619339,..,0.843859970569611,0.834649980068207,0.794960021972656,..,..,..,..,..,..,..,..,..,..,..,..,..,..,..,..,..,..,..,..,..,..,..,..,..,..,..,..,..,..,..,..,..,..,..,..,..,..,..,..,..,..,..,..,..,..,..,..,..,..,..,..,..,..
"Educational attainment, Doctoral or equivalent, population 25+, male (%) (cumulative)",SE.TER.CUAT.DO.MA.ZS,Germany,DEU,..,..,1.65306997299194,..,1.82702994346619,1.77169001102448,1.75765001773834,..,..,..,..,..,..,..,..,..,..,..,..,..,..,..,..,..,..,..,..,..,..,..,..,..,..,..,..,..,..,..,..,..,..,..,..,..,..,..,..,..,..,..,..,..,..,..,..,..,..,..,..,..,..
"Educational attainment, Doctoral or equivalent, population 25+, total (%) (cumulative)",SE.TER.CUAT.DO.ZS,Germany,DEU,..,..,1.25295996665955,..,1.32317996025085,1.28924000263214,1.26112997531891,..,..,..,..,..,..,..,..,..,..,..,..,..,..,..,..,..,..,..,..,..,..,..,..,..,..,..,..,..,..,..,..,..,..,..,..,..,..,..,..,..,..,..,..,..,..,..,..,..,..,..,..,..,..
"Female share of graduates in Education programmes, tertiary (%)",SE.TER.GRAD.FE.ED.ZS,Germany,DEU,..,..,..,81.46407,81.06622,80.65958,..,..,..,..,..,..,..,..,..,..,..,..,77.72247,78.09032,78.57064,78.14587,..,..,..,..,..,..,..,..,..,..,..,..,..,..,..,..,..,..,..,..,..,..,..,..,..,..,..,..,..,..,..,..,..,..,..,..,..,..,..
"Government expenditure on education, total (% of GDP)",SE.XPD.TOTL.GD.ZS,Germany,DEU,..,..,..,4.90511989593506,4.84021997451782,4.83498001098633,4.93962001800537,4.96111011505127,4.95658016204834,4.82487010955811,4.94367980957031,4.90951013565063,4.43594980239868,4.36679983139038,4.2939600944519,..,..,..,..,..,..,..,4.46187019348145,..,4.49470996856689,4.4307599067688,4.33663988113403,4.40791988372803,..,..,..,..,..,..,..,..,..,..,..,..,..,..,..,..,..,..,..,..,..,..,..,..,..,..,..,..,..,..,..,..,..
"Gross intake ratio in first grade of primary education, total (% of relevant age group)",SE.PRM.GINT.ZS,Germany,DEU,..,..,..,104.96265,103.95359,103.64667,100.13956,99.68305,102.29554,100.90178,101.73238,100.64913,99.41293,102.65386,104.36731,104.16106,106.70502,102.05325,98.98187,100.37816,100.85857,101.29903,..,104.9514,103.79417,103.85788,101.47252,99.46321,..,..,..,..,..,..,..,..,..,..,..,..,..,..,..,..,..,..,..,..,..,..,..,..,..,..,..,..,..,..,..,..,..
Labor force with advanced education (% of total working-age population with advanced education),SL.TLF.ADVN.ZS,Germany,DEU,..,74.0699996948242,73.4400024414063,73.5599975585938,73.75,73.3399963378906,73.6399993896484,73.9800033569336,74.1600036621094,74.3899993896484,73.4700012207031,73.5299987792969,73.4100036621094,73.9199981689453,74.5100021362305,74.3000030517578,74.5599975585938,75.2300033569336,75.2600021362305,75.8099975585938,76.3099975585938,76.629997253418,..,79.5999984741211,80.4499969482422,80.6500015258789,80.5100021362305,81.1999969482422,80.7799987792969,..,..,..,..,..,..,..,..,..,..,..,..,..,..,..,..,..,..,..,..,..,..,..,..,..,..,..,..,..,..,..,..
"Labor force with advanced education, female (% of female working-age population with advanced education)",SL.TLF.ADVN.FE.ZS,Germany,DEU,..,74.1399993896484,73.6699981689453,73.8000030517578,74.2900009155273,74.0800018310547,74.4000015258789,74.620002746582,74.879997253418,75.1500015258789,74.1900024414063,74.2300033569336,73.7900009155273,74.1399993896484,74.629997253418,73.9599990844727,74.5400009155273,74.6600036621094,74.1500015258789,74.5899963378906,74.9700012207031,75.5400009155273,..,76.5199966430664,77.0100021362305,76.8899993896484,76.5999984741211,77.1399993896484,75.879997253418,..,..,..,..,..,..,..,..,..,..,..,..,..,..,..,..,..,..,..,..,..,..,..,..,..,..,..,..,..,..,..,..
"Labor force with advanced education, male (% of male working-age population with advanced education)",SL.TLF.ADVN.MA.ZS,Germany,DEU,..,74.0100021362305,73.2799987792969,73.379997253418,73.370002746582,72.8199996948242,73.120002746582,73.4899978637695,73.620002746582,73.8300018310547,72.9599990844727,73.0400009155273,73.1500015258789,73.7699966430664,74.4199981689453,74.5100021362305,74.5599975585938,75.5899963378906,75.9400024414063,76.5199966430664,77.1100006103516,77.2600021362305,..,81.3600006103516,82.3899993896484,82.7300033569336,82.6600036621094,83.379997253418,83.4300003051758,..,..,..,..,..,..,..,..,..,..,..,..,..,..,..,..,..,..,..,..,..,..,..,..,..,..,..,..,..,..,..,..
Labor force with basic education (% of total working-age population with basic education),SL.TLF.BASC.ZS,Germany,DEU,..,40.2599983215332,39.2999992370605,38.8699989318848,38.0400009155273,37.2200012207031,37.1500015258789,40.7599983215332,40.2900009155273,40.3300018310547,37.060001373291,37.7599983215332,37.75,38,38.3600006103516,37.2400016784668,34.9700012207031,36.25,36.4900016784668,36.939998626709,42.9700012207031,43.3199996948242,..,41.1500015258789,41.1599998474121,42.6300010681152,43.6500015258789,44.6599998474121,44.25,..,..,..,..,..,..,..,..,..,..,..,..,..,..,..,..,..,..,..,..,..,..,..,..,..,..,..,..,..,..,..,..
"Labor force with basic education, female (% of female working-age population with basic education)",SL.TLF.BASC.FE.ZS,Germany,DEU,..,30.7000007629395,30.0799999237061,30.0699996948242,29.3999996185303,28.7600002288818,28.5499992370605,30.7900009155273,30.4300003051758,30.4400005340576,28.4400005340576,29.0599994659424,29.0799999237061,29.6299991607666,29.8400001525879,28.8199996948242,26.5699996948242,28.0799999237061,28.2199993133545,28.7199993133545,31.7299995422363,32.0699996948242,..,32.8899993896484,32.689998626709,33.5200004577637,33.9500007629395,34.9199981689453,34.9500007629395,..,..,..,..,..,..,..,..,..,..,..,..,..,..,..,..,..,..,..,..,..,..,..,..,..,..,..,..,..,..,..,..
"Labor force with basic education, male (% of male working-age population with basic education)",SL.TLF.BASC.MA.ZS,Germany,DEU,..,53.2700004577637,51.9700012207031,51.1100006103516,50.4500007629395,49.939998626709,50.4700012207031,57.4199981689453,57.2200012207031,57.4599990844727,51.0900001525879,51.75,51.7999992370605,51.4700012207031,52.0800018310547,50.9799995422363,49.0900001525879,50.0699996948242,50.7400016784668,51.2400016784668,64.2900009155273,64.5899963378906,..,54.3499984741211,54.8600006103516,58.6399993896484,60.9300003051758,62.3499984741211,60.6300010681152,..,..,..,..,..,..,..,..,..,..,..,..,..,..,..,..,..,..,..,..,..,..,..,..,..,..,..,..,..,..,..,..
Labor force with intermediate education (% of total working-age population with intermediate education),SL.TLF.INTM.ZS,Germany,DEU,..,64.4700012207031,64.2200012207031,64.4499969482422,64.620002746582,63.6800003051758,64.0999984741211,63.810001373291,63.6500015258789,63.8300018310547,63.4599990844727,63.6599998474121,63.8800010681152,64.1399993896484,64.0500030517578,63.75,62.7700004577637,63.3199996948242,63.8800010681152,63.8400001525879,64.3300018310547,64.879997253418,..,68.5400009155273,68.5800018310547,67.3000030517578,67.7399978637695,67.2900009155273,68.3399963378906,..,..,..,..,..,..,..,..,..,..,..,..,..,..,..,..,..,..,..,..,..,..,..,..,..,..,..,..,..,..,..,..
"Labor force with intermediate education, female (% of female working-age population with intermediate education)",SL.TLF.INTM.FE.ZS,Germany,DEU,..,60.6599998474121,60.4099998474121,60.7000007629395,60.9700012207031,60.0499992370605,60.439998626709,59.7299995422363,59.3199996948242,59.6300010681152,59.2200012207031,59.3300018310547,59.4000015258789,59.7400016784668,59.6300010681152,59.0499992370605,58.0299987792969,58.4900016784668,58.9000015258789,58.5699996948242,58.7400016784668,59.0200004577637,..,62.2200012207031,62.2400016784668,60.2200012207031,60.2200012207031,59.4599990844727,60.2400016784668,..,..,..,..,..,..,..,..,..,..,..,..,..,..,..,..,..,..,..,..,..,..,..,..,..,..,..,..,..,..,..,..
"Labor force with intermediate education, male (% of male working-age population with intermediate education)",SL.TLF.INTM.MA.ZS,Germany,DEU,..,68.5899963378906,68.3000030517578,68.4599990844727,68.5100021362305,67.5500030517578,67.9800033569336,67.9800033569336,68.0699996948242,68.1500015258789,67.8600006103516,68.0899963378906,68.4499969482422,68.5800018310547,68.4899978637695,68.5,67.5299987792969,68.1699981689453,68.8099975585938,69.120002746582,69.9400024414063,70.7099990844727,..,74.6800003051758,74.7200012207031,74.2699966430664,75.1699981689453,74.8899993896484,76.3399963378906,..,..,..,..,..,..,..,..,..,..,..,..,..,..,..,..,..,..,..,..,..,..,..,..,..,..,..,..,..,..,..,..
Percentage of students in lower secondary vocational education who are female (%),UIS.FEP.2.V,Germany,DEU,..,..,..,32.07657,36.74042,40.20169,41.75825,42.18313,43.50184,42.95893,42.98459,41.8922,38.9339,39.10468,38.67151,38.60028,38.56768,..,..,..,..,..,..,..,..,..,..,..,..,..,..,..,..,..,..,..,..,..,..,..,..,..,..,..,..,..,..,..,..,..,..,..,..,..,..,..,..,..,..,..,..
Percentage of students in post-secondary non-tertiary vocational education who are female (%),UIS.FEP.4.V,Germany,DEU,..,..,..,57.5572,58.35493,58.7314,58.5719,58.576,..,..,..,..,..,..,..,..,..,..,..,..,..,..,..,..,..,..,..,..,..,..,..,..,..,..,..,..,..,..,..,..,..,..,..,..,..,..,..,..,..,..,..,..,..,..,..,..,..,..,..,..,..
Percentage of students in upper secondary vocational education who are female (%),UIS.FEP.3.V,Germany,DEU,..,..,..,36.57428,37.31078,37.53294,37.87379,37.73508,37.36867,37.74135,38.3319,38.10346,41.96083,42.16297,42.22912,42.76925,42.44808,42.53731,42.96659,42.96005,42.91809,43.12037,42.90273,..,..,..,..,..,..,..,..,..,..,..,..,..,..,..,..,..,..,..,..,..,..,..,..,..,..,..,..,..,..,..,..,..,..,..,..,..,..
"Primary education, pupils (% female)",SE.PRM.ENRL.FE.ZS,Germany,DEU,..,..,..,48.54918,48.5702,48.559,48.53889,48.53027,48.64662,48.60196,48.63413,48.62699,48.61008,48.65706,48.67985,48.68593,48.62137,48.59703,48.54126,48.54098,48.52786,48.50618,48.48944,48.52398,48.54507,48.57697,48.56644,48.56531,48.99716,..,..,..,..,..,..,..,..,..,..,..,..,..,..,..,..,..,..,..,..,..,..,..,..,..,..,..,..,..,..,..,..
"Primary education, teachers (% female)",SE.PRM.TCHR.FE.ZS,Germany,DEU,..,..,87.3403625488281,87.2930526733398,87.0770416259766,86.8014602661133,86.767219543457,85.6773223876953,85.0213775634766,84.4339370727539,85.537841796875,84.9683685302734,85.199836730957,84.0333480834961,84.0220108032227,83.6549072265625,82.9224166870117,82.8271179199219,82.4418487548828,82.0319290161133,81.1819076538086,81.5283889770508,..,81.2526397705078,80.9250335693359,85.081672668457,85.0012664794922,83.9379119873047,..,..,..,..,..,..,..,..,..,..,..,..,..,..,..,..,..,..,..,..,..,..,..,..,..,..,..,..,..,..,..,..,..
Saved for education or school fees (% age 15+),fin17c.14.a,Germany,DEU,..,..,..,..,..,..,17.0599021911621,..,..,..,..,..,..,..,..,..,..,..,..,..,..,..,..,..,..,..,..,..,..,..,..,..,..,..,..,..,..,..,..,..,..,..,..,..,..,..,..,..,..,..,..,..,..,..,..,..,..,..,..,..,..
"Saved for education or school fees, female  (% age 15+)",fin17c.14.a.2,Germany,DEU,..,..,..,..,..,..,19.2604885101318,..,..,..,..,..,..,..,..,..,..,..,..,..,..,..,..,..,..,..,..,..,..,..,..,..,..,..,..,..,..,..,..,..,..,..,..,..,..,..,..,..,..,..,..,..,..,..,..,..,..,..,..,..,..
"Saved for education or school fees, male (% age 15+)",fin17c.14.a.1,Germany,DEU,..,..,..,..,..,..,14.7631931304932,..,..,..,..,..,..,..,..,..,..,..,..,..,..,..,..,..,..,..,..,..,..,..,..,..,..,..,..,..,..,..,..,..,..,..,..,..,..,..,..,..,..,..,..,..,..,..,..,..,..,..,..,..,..
"Secondary education, pupils (% female)",SE.SEC.ENRL.FE.ZS,Germany,DEU,..,..,..,46.73839,47.12005,47.29219,47.36128,47.42538,47.36623,47.44775,47.49005,47.46105,48.11077,48.1634,48.09266,48.19512,48.24499,48.25474,48.3468,48.36544,48.35321,48.24102,48.1509,48.16133,48.04837,47.96151,47.92483,47.78838,48.09413,..,..,..,..,..,..,..,..,..,..,..,..,..,..,..,..,..,..,..,..,..,..,..,..,..,..,..,..,..,..,..,..
"Secondary education, teachers (% female)",SE.SEC.TCHR.FE.ZS,Germany,DEU,..,..,63.3475608825684,63.0150413513184,62.8254585266113,62.3735313415527,61.9616012573242,61.0846900939941,60.3361206054688,59.7840995788574,58.9622993469238,58.2441291809082,57.5988388061523,57.1800498962402,56.5051803588867,56.0314598083496,55.6042404174805,54.9446716308594,54.3518714904785,53.705150604248,53.0283088684082,51.0944213867188,..,49.3984909057617,48.9773597717285,46.9935684204102,45.2438697814941,45.5737686157227,..,..,..,..,..,..,..,..,..,..,..,..,..,..,..,..,..,..,..,..,..,..,..,..,..,..,..,..,..,..,..,..,..
"Secondary education, vocational pupils",SE.SEC.ENRL.VO,Germany,DEU,..,..,..,1347863.12896,1351989.48324,1320985.95497,1348527.19398,1338507.37383,1396380,1457886,1557160,1582678,1741243,1726660,1812986,1790168,1791293,1729839,1753409,1740473,1735846,1729976,1690193,2320465,2274624,2260978,2286317,2299144,2272063,2296087,..,..,..,..,..,..,..,..,..,..,..,..,..,..,..,..,..,..,..,..,..,..,..,..,..,..,..,..,..,..,..
"Secondary education, vocational pupils (% female)",SE.SEC.ENRL.VO.FE.ZS,Germany,DEU,..,..,..,35.8685,37.23952,37.77242,38.20723,38.11669,37.88868,38.21952,38.75857,38.39429,41.85292,42.03561,42.07672,42.58165,42.27633,42.53731,42.96659,42.96005,42.91809,43.12037,42.90273,44.14206,43.80632,43.69264,43.82831,43.62789,44.12607,..,..,..,..,..,..,..,..,..,..,..,..,..,..,..,..,..,..,..,..,..,..,..,..,..,..,..,..,..,..,..,..
Share of all students in lower secondary education enrolled in vocational programmes (%),UIS.GTVP.2.V,Germany,DEU,..,..,4.57626,4.66068,3.73975,2.60905,2.50493,2.43618,2.49386,2.78206,2.90415,2.43194,1.24507,1.40998,1.4759,1.48345,1.41943,..,..,..,..,..,..,..,..,..,..,..,..,..,..,..,..,..,..,..,..,..,..,..,..,..,..,..,..,..,..,..,..,..,..,..,..,..,..,..,..,..,..,..,..
Share of all students in post-secondary non-tertiary education enrolled in vocational programmes (%),UIS.GTVP.4.V,Germany,DEU,..,..,93.26425,92.53614,91.45682,90.88045,90.61089,90.4864,..,..,..,..,..,..,..,..,..,..,..,..,..,..,..,..,..,..,..,..,..,..,..,..,..,..,..,..,..,..,..,..,..,..,..,..,..,..,..,..,..,..,..,..,..,..,..,..,..,..,..,..,..
Share of all students in upper secondary education enrolled in vocational programmes (%),UIS.GTVP.3.V,Germany,DEU,..,..,46.47394,45.62604,46.2747,46.7946,47.78272,47.50872,48.30781,48.58381,51.49402,53.22292,57.48074,57.41703,59.38291,60.25827,61.22434,62.18282,63.02987,63.34733,63.19001,64.62197,64.57119,..,..,..,..,..,..,..,..,..,..,..,..,..,..,..,..,..,..,..,..,..,..,..,..,..,..,..,..,..,..,..,..,..,..,..,..,..,..
Share of female students in lower secondary education enrolled in vocational programmes (%),UIS.GTVP.2.V.F,Germany,DEU,..,..,..,3.15395,2.86871,2.17887,2.16975,2.12842,2.24446,2.47085,2.57719,2.09981,0.99586,1.13363,1.17349,1.17728,1.12396,..,..,..,..,..,..,..,..,..,..,..,..,..,..,..,..,..,..,..,..,..,..,..,..,..,..,..,..,..,..,..,..,..,..,..,..,..,..,..,..,..,..,..,..
Share of female students in post-secondary non-tertiary education enrolled in vocational programmes (%),UIS.GTVP.4.V.F,Germany,DEU,..,..,..,94.30443,93.47503,93.02027,92.77984,92.73135,..,..,..,..,..,..,..,..,..,..,..,..,..,..,..,..,..,..,..,..,..,..,..,..,..,..,..,..,..,..,..,..,..,..,..,..,..,..,..,..,..,..,..,..,..,..,..,..,..,..,..,..,..
Share of female students in upper secondary education enrolled in vocational programmes (%),UIS.GTVP.3.V.F,Germany,DEU,..,..,..,36.6497,37.73949,38.35184,39.47645,39.09456,39.56479,40.01496,43.10377,44.53432,51.16001,51.15445,53.22819,54.43389,54.91692,55.93631,57.0627,57.33865,57.23206,59.43986,59.44922,..,..,..,..,..,..,..,..,..,..,..,..,..,..,..,..,..,..,..,..,..,..,..,..,..,..,..,..,..,..,..,..,..,..,..,..,..,..
Share of male students in lower secondary education enrolled in vocational programmes (%),UIS.GTVP.2.V.M,Germany,DEU,..,..,..,6.01847,4.54045,3.00834,2.81693,2.7235,2.7272,3.07362,3.21129,2.74494,1.48142,1.67167,1.76226,1.7734,1.69999,..,..,..,..,..,..,..,..,..,..,..,..,..,..,..,..,..,..,..,..,..,..,..,..,..,..,..,..,..,..,..,..,..,..,..,..,..,..,..,..,..,..,..,..
Share of male students in post-secondary non-tertiary education enrolled in vocational programmes (%),UIS.GTVP.4.V.M,Germany,DEU,..,..,..,90.24146,88.77113,87.99953,87.7119,87.4913,..,..,..,..,..,..,..,..,..,..,..,..,..,..,..,..,..,..,..,..,..,..,..,..,..,..,..,..,..,..,..,..,..,..,..,..,..,..,..,..,..,..,..,..,..,..,..,..,..,..,..,..,..
Share of male students in secondary education enrolled in vocational programmes (%),SE.SEC.ENRL.MA.VO.ZS,Germany,DEU,..,..,..,23.09017,22.68584,21.92585,21.9834,21.61361,22.28904,22.76609,23.69711,23.9739,24.67701,24.18957,24.71845,23.99896,23.83549,22.74266,22.87076,22.92303,23.09445,23.22655,23.03305,29.82916,29.78396,30.00937,30.55935,31.28828,32.60974,..,..,..,..,..,..,..,..,..,..,..,..,..,..,..,..,..,..,..,..,..,..,..,..,..,..,..,..,..,..,..,..
Share of male students in upper secondary education enrolled in vocational programmes (%),UIS.GTVP.3.V.M,Germany,DEU,..,..,..,53.12977,53.47231,53.92758,54.8138,54.63507,55.64432,55.83145,58.58202,60.48766,63.11865,63.04349,64.86548,65.4954,66.89079,67.78647,68.42002,68.77547,68.55593,69.19528,69.04077,..,..,..,..,..,..,..,..,..,..,..,..,..,..,..,..,..,..,..,..,..,..,..,..,..,..,..,..,..,..,..,..,..,..,..,..,..,..
"Tertiary education, academic staff (% female)",SE.TER.TCHR.FE.ZS,Germany,DEU,..,..,39.7631187438965,39.3031196594238,39.0582008361816,38.2230491638184,38.0184288024902,37.7247695922852,..,..,..,..,..,..,..,..,..,..,32.226879119873,31.3974704742432,30.9580192565918,30.4751396179199,..,29.443229675293,28.692569732666,28.9662799835205,27.8644790649414,27.5580196380615,..,..,..,..,..,..,..,..,..,..,..,..,..,..,..,..,..,..,..,..,..,..,..,..,..,..,..,..,..,..,..,..,..
Unemployment with advanced education (% of total labor force with advanced education),SL.UEM.ADVN.ZS,Germany,DEU,..,1.80999994277954,1.87000000476837,1.98000001907349,2.19000005722046,2.3199999332428,2.47000002861023,2.34999990463257,2.30999994277954,2.36999988555908,3.01999998092651,3.39000010490417,3.30999994277954,3.8199999332428,4.78999996185303,5.51000022888184,5.40000009536743,4.96999979019165,4.26000022888184,4.13000011444092,4.26000022888184,5.03000020980835,5.5,..,..,..,..,..,..,..,..,..,..,..,..,..,..,..,..,..,..,..,..,..,..,..,..,..,..,..,..,..,..,..,..,..,..,..,..,..,..
"Unemployment with advanced education, female (% of female labor force with advanced education)",SL.UEM.ADVN.FE.ZS,Germany,DEU,..,1.8400000333786,1.92999994754791,1.98000001907349,2.25999999046326,2.53999996185303,2.75,2.58999991416931,2.59999990463257,2.66000008583069,3.24000000953674,3.72000002861023,3.94000005722046,4.46999979019165,5.28999996185303,6.01999998092651,5.86999988555908,5.71000003814697,4.78999996185303,4.86999988555908,5.19999980926514,5.75,6.6399998664856,..,..,..,..,..,..,..,..,..,..,..,..,..,..,..,..,..,..,..,..,..,..,..,..,..,..,..,..,..,..,..,..,..,..,..,..,..,..
"Unemployment with advanced education, male (% of male labor force with advanced education)",SL.UEM.ADVN.MA.ZS,Germany,DEU,..,1.77999997138977,1.83000004291534,1.97000002861023,2.13000011444092,2.17000007629395,2.26999998092651,2.16000008583069,2.08999991416931,2.16000008583069,2.85999989509583,3.16000008583069,2.88000011444092,3.38000011444092,4.46999979019165,5.19000005722046,5.09000015258789,4.51999998092651,3.94000005722046,3.71000003814697,3.72000002861023,4.63000011444092,4.88000011444092,..,..,..,..,..,..,..,..,..,..,..,..,..,..,..,..,..,..,..,..,..,..,..,..,..,..,..,..,..,..,..,..,..,..,..,..,..,..
Unemployment with basic education (% of total labor force with basic education),SL.UEM.BASC.ZS,Germany,DEU,..,7.8899998664856,8.78999996185303,9.4399995803833,10.0600004196167,11.1499996185303,11.710000038147,11.789999961853,12.1899995803833,12.9399995803833,14.6899995803833,15.6199998855591,15.3000001907349,16.9799995422363,18.6299991607666,19.1200008392334,17.6200008392334,15.7299995422363,13.3400001525879,11.5500001907349,12.5299997329712,13.8900003433228,14.9300003051758,..,..,..,..,..,..,..,..,..,..,..,..,..,..,..,..,..,..,..,..,..,..,..,..,..,..,..,..,..,..,..,..,..,..,..,..,..,..
"Unemployment with basic education, female (% of female labor force with basic education)",SL.UEM.BASC.FE.ZS,Germany,DEU,..,6.40000009536743,7,7.92999982833862,8.68000030517578,9.52000045776367,9.88000011444092,10.1400003433228,10.8900003433228,11.6599998474121,12.7799997329712,13.8000001907349,14.210000038147,15.8699998855591,17.4699993133545,17.2099990844727,15.1099996566772,13.0699996948242,11.5600004196167,10.0500001907349,11.3299999237061,12.9499998092651,14.0100002288818,..,..,..,..,..,..,..,..,..,..,..,..,..,..,..,..,..,..,..,..,..,..,..,..,..,..,..,..,..,..,..,..,..,..,..,..,..,..
"Unemployment with basic education, male (% of male labor force with basic education)",SL.UEM.BASC.MA.ZS,Germany,DEU,..,9.05000019073486,10.2200002670288,10.6700000762939,11.2200002670288,12.5600004196167,13.3199996948242,13.2799997329712,13.3800001144409,14.1099996566772,16.4099998474121,17.2700004577637,16.2900009155273,18.0100002288818,19.7000007629395,20.8799991607666,19.9099998474121,18.25,15.039999961853,13.0100002288818,13.6499996185303,14.7700004577637,15.8000001907349,..,..,..,..,..,..,..,..,..,..,..,..,..,..,..,..,..,..,..,..,..,..,..,..,..,..,..,..,..,..,..,..,..,..,..,..,..,..
Unemployment with intermediate education (% of total labor force with intermediate education),SL.UEM.INTM.ZS,Germany,DEU,..,2.71000003814697,2.88000011444092,3.28999996185303,3.69000005722046,4.23999977111816,4.63000011444092,5.09000015258789,5.23000001907349,5.69999980926514,6.82999992370605,7.59999990463257,7.21999979019165,8.25,9.89999961853027,11.1300001144409,11.1499996185303,10.0200004577637,8.65999984741211,8.03999996185303,7.8899998664856,8.64999961853027,9.94999980926514,..,..,..,..,..,..,..,..,..,..,..,..,..,..,..,..,..,..,..,..,..,..,..,..,..,..,..,..,..,..,..,..,..,..,..,..,..,..
"Unemployment with intermediate education, female (% of female labor force with intermediate education)",SL.UEM.INTM.FE.ZS,Germany,DEU,..,2.34999990463257,2.47000002861023,2.90000009536743,3.29999995231628,3.75999999046326,4.23999977111816,4.73000001907349,4.94000005722046,5.30999994277954,6.23000001907349,6.98999977111816,7.23000001907349,8.23999977111816,9.56999969482422,10.6199998855591,10.2200002670288,9.34000015258789,8.23999977111816,7.90999984741211,8.23999977111816,9.01000022888184,10.4899997711182,..,..,..,..,..,..,..,..,..,..,..,..,..,..,..,..,..,..,..,..,..,..,..,..,..,..,..,..,..,..,..,..,..,..,..,..,..,..
"Unemployment with intermediate education, male (% of male labor force with intermediate education)",SL.UEM.INTM.MA.ZS,Germany,DEU,..,3.04999995231628,3.26999998092651,3.67000007629395,4.05999994277954,4.69000005722046,5,5.40999984741211,5.48000001907349,6.05000019073486,7.36999988555908,8.14999961853027,7.21999979019165,8.26000022888184,10.1899995803833,11.5699996948242,11.9499998092651,10.6099996566772,9.02000045776367,8.14999961853027,7.59000015258789,8.34000015258789,9.51000022888184,..,..,..,..,..,..,..,..,..,..,..,..,..,..,..,..,..,..,..,..,..,..,..,..,..,..,..,..,..,..,..,..,..,..,..,..,..,..
"Adjusted net enrollment rate, primary (% of primary school age children)",SE.PRM.TENR,Germany,DEU,..,..,..,90.35417,90.62417,89.44014,88.13653,88.18981,88.52846,88.75173,89.06942,88.17263,88.43606,88.84199,88.43977,87.06885,86.23536,84.99832,84.71067,82.93565,86.46473,86.86843,..,..,..,..,..,..,..,..,..,..,..,..,..,..,..,..,..,..,..,..,..,..,..,..,..,..,..,..,..,..,..,..,..,..,..,..,..,..,..
"Adjusted net enrollment rate, primary, female (% of primary school age children)",SE.PRM.TENR.FE,Germany,DEU,..,..,..,..,91.54246,90.32462,88.93744,88.92548,89.21926,89.28999,89.64072,88.82046,89.04671,89.54017,89.14933,87.84302,86.98664,85.71943,85.37444,..,87.11377,87.53235,..,..,..,..,..,..,..,..,..,..,..,..,..,..,..,..,..,..,..,..,..,..,..,..,..,..,..,..,..,..,..,..,..,..,..,..,..,..,..
"Adjusted net enrollment rate, primary, male (% of primary school age children)",SE.PRM.TENR.MA,Germany,DEU,..,..,..,..,89.75716,88.60416,87.37846,87.49238,87.87234,88.23933,88.5254,87.55561,87.85435,88.1768,87.76365,86.33139,85.5198,84.31152,84.07851,..,85.84641,86.23573,..,..,..,..,..,..,..,..,..,..,..,..,..,..,..,..,..,..,..,..,..,..,..,..,..,..,..,..,..,..,..,..,..,..,..,..,..,..,..
Children out of school (% of primary school age),SE.PRM.UNER.ZS,Germany,DEU,..,..,0.688939988613129,0.529299974441528,0.514289975166321,1.85685002803802,3.23601007461548,3.58946990966797,3.29518008232117,2.45141005516052,2.35301995277405,2.93107008934021,2.5301399230957,1.62443995475769,1.9693900346756,2.04134011268616,2.7014799118042,3.61074995994568,4.48692989349365,0.638639986515045,0.0832599997520447,0.0845900028944016,..,..,..,..,..,..,..,..,..,..,..,..,..,..,..,..,..,..,..,..,..,..,..,..,..,..,..,..,..,..,..,..,..,..,..,..,..,..,..
"Children out of school, primary",SE.PRM.UNER,Germany,DEU,..,..,19808,15035,14502,52589,92141,102890,95234,71525,70080,89319,78712,51333,62917,65456,86792,116838,147592,21535,2890,3028,..,..,..,..,..,..,..,..,..,..,..,..,..,..,..,..,..,..,..,..,..,..,..,..,..,..,..,..,..,..,..,..,..,..,..,..,..,..,..
"Children out of school, primary, female",SE.PRM.UNER.FE,Germany,DEU,..,..,..,..,2469,21244,41954,48415,45040,36126,35532,44339,39978,25261,31512,33913,45392,55613,71322,..,..,..,..,..,..,..,..,..,..,..,..,..,..,..,..,..,..,..,..,..,..,..,..,..,..,..,..,..,..,..,..,..,..,..,..,..,..,..,..,..,..
"Children out of school, primary, male",SE.PRM.UNER.MA,Germany,DEU,..,..,..,..,12033,31346,50187,54475,50194,35399,34548,44980,38734,26072,31405,31543,41400,61225,76270,..,..,..,..,..,..,..,..,..,..,..,..,..,..,..,..,..,..,..,..,..,..,..,..,..,..,..,..,..,..,..,..,..,..,..,..,..,..,..,..,..,..
Expected Years of School,HD.HCI.EYRS,Germany,DEU,13.3306179046631,..,13.3306179046631,13.89,..,..,..,..,..,..,13.343542098999,..,..,..,..,..,..,..,..,..,..,..,..,..,..,..,..,..,..,..,..,..,..,..,..,..,..,..,..,..,..,..,..,..,..,..,..,..,..,..,..,..,..,..,..,..,..,..,..,..,..
"Expected Years of School, Female",HD.HCI.EYRS.FE,Germany,DEU,13.3445348739624,..,13.3445348739624,13.79,..,..,..,..,..,..,13.3642921447754,..,..,..,..,..,..,..,..,..,..,..,..,..,..,..,..,..,..,..,..,..,..,..,..,..,..,..,..,..,..,..,..,..,..,..,..,..,..,..,..,..,..,..,..,..,..,..,..,..,..
"Expected Years of School, Male",HD.HCI.EYRS.MA,Germany,DEU,13.3176069259644,..,13.3176069259644,13.89,..,..,..,..,..,..,13.3238382339478,..,..,..,..,..,..,..,..,..,..,..,..,..,..,..,..,..,..,..,..,..,..,..,..,..,..,..,..,..,..,..,..,..,..,..,..,..,..,..,..,..,..,..,..,..,..,..,..,..,..
Expected years of schooling,SE.SCH.LIFE,Germany,DEU,..,..,16.9320907592773,16.9771900177002,16.8752403259277,16.7893390655518,16.7353401184082,16.7333393096924,..,..,..,..,..,..,..,..,..,..,..,..,..,..,..,15.9384098052979,15.8559303283691,15.7678298950195,15.65505027771,15.5087299346924,14.8145904541016,14.6871099472046,..,..,..,..,..,..,..,..,..,..,..,..,..,..,..,..,..,..,..,..,..,..,..,..,..,..,..,..,..,..,..
"Expected years of schooling, female",SE.SCH.LIFE.FE,Germany,DEU,..,..,16.9087390899658,16.9113693237305,16.8202590942383,16.7262096405029,16.6177597045898,16.5938701629639,..,..,..,..,..,..,..,..,..,..,..,..,..,..,..,15.6208400726318,15.4699697494507,15.3228702545166,15.1743297576904,15.0110502243042,14.4259595870972,..,..,..,..,..,..,..,..,..,..,..,..,..,..,..,..,..,..,..,..,..,..,..,..,..,..,..,..,..,..,..,..
"Expected years of schooling, male",SE.SCH.LIFE.MA,Germany,DEU,..,..,16.9545097351074,17.0399208068848,16.9284400939941,16.8510494232178,16.8497695922852,16.8695793151855,..,..,..,..,..,..,..,..,..,..,..,..,..,..,..,16.2422790527344,16.2247104644775,16.192720413208,16.1137504577637,15.9833097457886,15.184889793396,..,..,..,..,..,..,..,..,..,..,..,..,..,..,..,..,..,..,..,..,..,..,..,..,..,..,..,..,..,..,..,..
Female primary school age children out-of-school (%),SE.LPV.PRIM.OOS.FE,Germany,DEU,..,..,..,..,0.2181396484375,..,..,..,..,0.328712463378906,..,..,..,..,0.227096557617188,..,..,..,..,0.0593719482421875,..,..,..,..,..,..,..,..,..,..,..,..,..,..,..,..,..,..,..,..,..,..,..,..,..,..,..,..,..,..,..,..,..,..,..,..,..,..,..,..,..
Learning poverty: Share of Children at the End-of-Primary age below minimum reading proficiency adjusted by Out-of-School Children (%),SE.LPV.PRIM,Germany,DEU,..,..,..,..,5.69871425628662,..,..,..,..,2.71026539802551,..,..,..,..,2.81312441825867,..,..,..,..,3.02341890335083,..,..,..,..,..,..,..,..,..,..,..,..,..,..,..,..,..,..,..,..,..,..,..,..,..,..,..,..,..,..,..,..,..,..,..,..,..,..,..,..,..
Learning poverty: Share of Female Children at the End-of-Primary age below minimum reading proficiency adjusted by Out-of-School Children (%),SE.LPV.PRIM.FE,Germany,DEU,..,..,..,..,4.6330418586731,..,..,..,..,2.2935962677002,..,..,..,..,2.45677256584167,..,..,..,..,2.62640190124512,..,..,..,..,..,..,..,..,..,..,..,..,..,..,..,..,..,..,..,..,..,..,..,..,..,..,..,..,..,..,..,..,..,..,..,..,..,..,..,..,..
Learning poverty: Share of Male Children at the End-of-Primary age below minimum reading proficiency adjusted by Out-of-School Children (%),SE.LPV.PRIM.MA,Germany,DEU,..,..,..,..,6.72799968719482,..,..,..,..,3.11527824401855,..,..,..,..,3.15535235404968,..,..,..,..,3.41702890396118,..,..,..,..,..,..,..,..,..,..,..,..,..,..,..,..,..,..,..,..,..,..,..,..,..,..,..,..,..,..,..,..,..,..,..,..,..,..,..,..,..
Learning-Adjusted Years of School,HD.HCI.LAYS,Germany,DEU,11.0330896377563,..,11.2649784088135,11.74,..,..,..,..,..,..,11.2622528076172,..,..,..,..,..,..,..,..,..,..,..,..,..,..,..,..,..,..,..,..,..,..,..,..,..,..,..,..,..,..,..,..,..,..,..,..,..,..,..,..,..,..,..,..,..,..,..,..,..,..
"Learning-Adjusted Years of School, Female",HD.HCI.LAYS.FE,Germany,DEU,11.1196928024292,..,11.2860317230225,11.66,..,..,..,..,..,..,11.3437824249268,..,..,..,..,..,..,..,..,..,..,..,..,..,..,..,..,..,..,..,..,..,..,..,..,..,..,..,..,..,..,..,..,..,..,..,..,..,..,..,..,..,..,..,..,..,..,..,..,..,..
"Learning-Adjusted Years of School, Male",HD.HCI.LAYS.MA,Germany,DEU,10.957911491394,..,11.2443723678589,11.73,..,..,..,..,..,..,11.1845169067383,..,..,..,..,..,..,..,..,..,..,..,..,..,..,..,..,..,..,..,..,..,..,..,..,..,..,..,..,..,..,..,..,..,..,..,..,..,..,..,..,..,..,..,..,..,..,..,..,..,..
Male primary school age children out-of-school (%),SE.LPV.PRIM.OOS.MA,Germany,DEU,..,..,..,..,0.2181396484375,..,..,..,..,0.328712463378906,..,..,..,..,0.227096557617188,..,..,..,..,0.0593719482421875,..,..,..,..,..,..,..,..,..,..,..,..,..,..,..,..,..,..,..,..,..,..,..,..,..,..,..,..,..,..,..,..,..,..,..,..,..,..,..,..,..
Net intake rate in grade 1 (% of official school-age population),SE.PRM.NINT.ZS,Germany,DEU,..,..,..,..,..,..,..,..,..,..,..,..,..,..,..,..,..,..,..,..,..,..,..,..,..,..,..,..,..,..,..,..,..,..,..,..,..,..,..,..,..,..,..,..,..,..,..,..,..,..,..,..,..,..,..,..,..,..,..,..,..
"Net intake rate in grade 1, female (% of official school-age population)",SE.PRM.NINT.FE.ZS,Germany,DEU,..,..,..,..,..,..,..,..,..,..,..,..,..,..,..,..,..,..,..,..,..,..,..,..,..,..,..,..,..,..,..,..,..,..,..,..,..,..,..,..,..,..,..,..,..,..,..,..,..,..,..,..,..,..,..,..,..,..,..,..,..
"Net intake rate in grade 1, male (% of official school-age population)",SE.PRM.NINT.MA.ZS,Germany,DEU,..,..,..,..,..,..,..,..,..,..,..,..,..,..,..,..,..,..,..,..,..,..,..,..,..,..,..,..,..,..,..,..,..,..,..,..,..,..,..,..,..,..,..,..,..,..,..,..,..,..,..,..,..,..,..,..,..,..,..,..,..
Paid school fees in the past year (% age 15+),fin33.14.a,Germany,DEU,..,..,..,..,..,..,..,..,..,..,..,..,..,..,..,..,..,..,..,..,..,..,..,..,..,..,..,..,..,..,..,..,..,..,..,..,..,..,..,..,..,..,..,..,..,..,..,..,..,..,..,..,..,..,..,..,..,..,..,..,..
"Paid school fees in the past year, female  (% age 15+)",fin33.14.a.2,Germany,DEU,..,..,..,..,..,..,..,..,..,..,..,..,..,..,..,..,..,..,..,..,..,..,..,..,..,..,..,..,..,..,..,..,..,..,..,..,..,..,..,..,..,..,..,..,..,..,..,..,..,..,..,..,..,..,..,..,..,..,..,..,..
"Paid school fees in the past year, male (% age 15+)",fin33.14.a.1,Germany,DEU,..,..,..,..,..,..,..,..,..,..,..,..,..,..,..,..,..,..,..,..,..,..,..,..,..,..,..,..,..,..,..,..,..,..,..,..,..,..,..,..,..,..,..,..,..,..,..,..,..,..,..,..,..,..,..,..,..,..,..,..,..
Progression to secondary school (%),SE.SEC.PROG.ZS,Germany,DEU,..,..,..,..,99.50305,99.90526,99.63376,99.68935,99.3411,..,..,..,..,99.54231,99.32155,99.58504,99.82351,99.64366,99.7615,99.78431,99.90326,99.87319,..,..,99.99333,99.92005,99.99013,99.97198,..,..,..,..,..,..,..,..,..,..,..,..,..,..,..,..,..,..,..,..,..,..,..,..,..,..,..,..,..,..,..,..,..
"Progression to secondary school, female (%)",SE.SEC.PROG.FE.ZS,Germany,DEU,..,..,..,..,98.97983,99.80508,99.24637,99.36093,..,..,..,..,..,99.23146,99.09832,99.34,99.63642,99.45931,99.51008,99.62512,99.80124,99.73917,..,..,99.98633,100,100,99.94261,..,..,..,..,..,..,..,..,..,..,..,..,..,..,..,..,..,..,..,..,..,..,..,..,..,..,..,..,..,..,..,..,..
"Progression to secondary school, male (%)",SE.SEC.PROG.MA.ZS,Germany,DEU,..,..,..,..,100,100,100,100,..,..,..,..,..,99.83966,99.53468,99.81792,100,99.81882,100,99.93524,100,100,..,..,100,99.8438,99.98076,100,..,..,..,..,..,..,..,..,..,..,..,..,..,..,..,..,..,..,..,..,..,..,..,..,..,..,..,..,..,..,..,..,..
"Rate of out-of-school youth of upper secondary school age, female (%)",UIS.ROFST.3.F.CP,Germany,DEU,..,..,15.61865,13.43102,13.22395,11.86796,11.56201,11.87755,11.11521,5.50247,7.74458,7.50644,6.12688,6.1962,7.11043,8.44873,10.27645,9.92051,8.99959,..,..,..,..,..,..,..,..,..,..,..,..,..,..,..,..,..,..,..,..,..,..,..,..,..,..,..,..,..,..,..,..,..,..,..,..,..,..,..,..,..,..
"Rate of out-of-school youth of upper secondary school age, male (%)",UIS.ROFST.3.M.CP,Germany,DEU,..,..,12.2645,9.68305,11.10458,10.90924,10.28895,10.68434,10.08653,6.11521,8.35008,7.91266,5.72142,5.78137,6.29037,6.97082,8.76201,8.74369,7.6885,..,..,..,..,..,..,..,..,..,..,..,..,..,..,..,..,..,..,..,..,..,..,..,..,..,..,..,..,..,..,..,..,..,..,..,..,..,..,..,..,..,..
"School enrollment, preprimary (% gross)",SE.PRE.ENRR,Germany,DEU,..,..,108.526878356934,109.127403259277,109.863403320313,108.794509887695,108.323890686035,107.52375793457,..,..,..,..,..,..,..,..,..,..,..,..,..,..,..,90.890510559082,87.7193832397461,83.2128982543945,89.6298599243164,89.3770065307617,..,..,..,..,..,..,..,..,..,..,..,..,..,..,..,..,..,..,..,..,..,..,..,..,..,..,..,..,..,..,..,..,..
"School enrollment, preprimary, female (% gross)",SE.PRE.ENRR.FE,Germany,DEU,..,..,108.061630249023,108.590538024902,109.434120178223,108.398590087891,107.922821044922,106.89729309082,..,..,..,..,..,..,..,..,..,..,..,..,..,..,..,90.3310928344727,86.2853927612305,81.8788986206055,89.2052001953125,89.3354721069336,..,..,..,..,..,..,..,..,..,..,..,..,..,..,..,..,..,..,..,..,..,..,..,..,..,..,..,..,..,..,..,..,..
"School enrollment, preprimary, male (% gross)",SE.PRE.ENRR.MA,Germany,DEU,..,..,108.966651916504,109.635261535645,110.270088195801,109.169723510742,108.70393371582,108.117820739746,..,..,..,..,..,..,..,..,..,..,..,..,..,..,..,91.4229202270508,89.0848236083984,84.4828491210938,90.0339965820313,89.4165115356445,..,..,..,..,..,..,..,..,..,..,..,..,..,..,..,..,..,..,..,..,..,..,..,..,..,..,..,..,..,..,..,..,..
"School enrollment, primary (% gross)",SE.PRM.ENRR,Germany,DEU,..,..,103.894561767578,104.022361755371,102.677558898926,101.667449951172,100.538642883301,100.838249206543,101.614196777344,102.46656036377,102.995880126953,103.396423339844,104.023979187012,104.786338806152,104.213256835938,103.106376647949,102.883003234863,102.09838104248,102.547500610352,104.360763549805,105.317108154297,105.265037536621,105.474678039551,104.055206298828,102.579689025879,101.376121520996,100.42781829834,100.836311340332,99.1563491821289,101.677627563477,..,..,..,..,..,..,..,..,..,..,..,..,..,..,..,..,..,..,..,..,..,..,..,..,..,..,..,..,..,..,..
"School enrollment, primary (% net)",SE.PRM.NENR,Germany,DEU,..,..,..,90.14286,90.41737,89.23147,87.89669,87.93699,88.29428,88.51651,88.84321,88.027,88.31105,88.72921,88.30855,87.00548,86.23536,84.99832,84.71067,82.93565,86.46473,86.86843,..,..,..,..,..,..,..,..,..,..,..,..,..,..,..,..,..,..,..,..,..,..,..,..,..,..,..,..,..,..,..,..,..,..,..,..,..,..,..
"School enrollment, primary (gross), gender parity index (GPI)",SE.ENR.PRIM.FM.ZS,Germany,DEU,..,..,1.00722002983093,1.00257003307343,1.00025999546051,0.998730003833771,0.996529996395111,0.994589984416962,0.997370004653931,0.993319988250732,0.994319975376129,0.993809998035431,0.992959976196289,0.994690001010895,0.995469987392426,0.995999991893768,0.993560016155243,0.992649972438812,0.990480005741119,0.990440011024475,0.989650011062622,0.988470017910004,0.987550020217896,0.988759994506836,0.989539980888367,0.99141001701355,0.991710007190704,0.992150008678436,1.00940001010895,..,..,..,..,..,..,..,..,..,..,..,..,..,..,..,..,..,..,..,..,..,..,..,..,..,..,..,..,..,..,..,..
"School enrollment, primary and secondary (gross), gender parity index (GPI)",SE.ENR.PRSC.FM.ZS,Germany,DEU,..,..,0.960990011692047,0.957650005817413,0.963729977607727,0.966109991073608,0.965309977531433,0.964460015296936,0.96136999130249,0.96000999212265,0.961250007152557,0.960330009460449,0.978049993515015,0.980080008506775,0.978070020675659,0.980390012264252,0.980449974536896,0.980069994926453,0.982129991054535,0.983269989490509,0.982500016689301,0.978969991207123,0.976279973983765,0.976909995079041,0.974489986896515,0.972899973392487,0.972190022468567,0.968859970569611,0.982429981231689,..,..,..,..,..,..,..,..,..,..,..,..,..,..,..,..,..,..,..,..,..,..,..,..,..,..,..,..,..,..,..,..
"School enrollment, primary, female (% gross)",SE.PRM.ENRR.FE,Germany,DEU,..,..,104.279808044434,104.159797668457,102.691497802734,101.600959777832,100.359252929688,100.557357788086,101.477088928223,102.11483001709,102.695167541504,103.067512512207,103.647743225098,104.500633239746,103.970748901367,102.894973754883,102.542633056641,101.712463378906,102.045036315918,103.847351074219,104.755882263184,104.640068054199,104.79810333252,103.452972412109,102.027641296387,100.928382873535,99.9997177124023,100.429389953613,99.631706237793,..,..,..,..,..,..,..,..,..,..,..,..,..,..,..,..,..,..,..,..,..,..,..,..,..,..,..,..,..,..,..,..
"School enrollment, primary, female (% net)",SE.PRM.NENR.FE,Germany,DEU,..,..,..,..,91.32272,90.1059,88.67779,88.65372,88.97406,89.0495,89.40695,88.66964,88.92647,89.43425,89.02192,87.78753,86.98664,85.71943,85.37444,..,87.11377,87.53235,..,..,..,..,..,..,..,..,..,..,..,..,..,..,..,..,..,..,..,..,..,..,..,..,..,..,..,..,..,..,..,..,..,..,..,..,..,..,..
"School enrollment, primary, male (% gross)",SE.PRM.ENRR.MA,Germany,DEU,..,..,103.532806396484,103.893013000488,102.664390563965,101.730293273926,100.708427429199,101.104553222656,101.744430541992,102.801376342773,103.282211303711,103.709701538086,104.382400512695,105.058547973633,104.444351196289,103.307769775391,103.207191467285,102.465919494629,103.026039123535,104.849716186523,105.851760864258,105.860610961914,106.119613647461,104.629379272461,103.106033325195,101.802749633789,100.835426330566,101.223571777344,98.7039337158203,..,..,..,..,..,..,..,..,..,..,..,..,..,..,..,..,..,..,..,..,..,..,..,..,..,..,..,..,..,..,..,..
"School enrollment, primary, male (% net)",SE.PRM.NENR.MA,Germany,DEU,..,..,..,..,89.56259,88.40498,87.15738,87.25751,87.64862,88.00913,88.30641,87.41491,87.7248,88.05748,87.6288,86.26051,85.5198,84.31152,84.07851,..,85.84641,86.23573,..,..,..,..,..,..,..,..,..,..,..,..,..,..,..,..,..,..,..,..,..,..,..,..,..,..,..,..,..,..,..,..,..,..,..,..,..,..,..
"School enrollment, secondary (% gross)",SE.SEC.ENRR,Germany,DEU,..,..,97.5934982299805,98.4092788696289,98.8119964599609,98.822639465332,99.7107162475586,100.810890197754,102.167610168457,103.762420654297,103.974838256836,103.158248901367,103.308319091797,102.242286682129,103.058288574219,102.279586791992,102.140197753906,101.820671081543,101.473670959473,100.501510620117,99.9306564331055,99.2756500244141,99.1372375488281,104.295501708984,104.506813049316,104.960166931152,105.698997497559,105.602767944336,100.852256774902,99.3001403808594,..,..,..,..,..,..,..,..,..,..,..,..,..,..,..,..,..,..,..,..,..,..,..,..,..,..,..,..,..,..,..
"School enrollment, secondary (% net)",SE.SEC.NENR,Germany,DEU,..,..,..,85.29882,85.46939,86.12309,86.63283,87.32363,88.0323,88.47512,88.12181,88.17308,89.52043,89.12277,89.71943,90.09314,89.76944,89.62782,89.58207,..,..,..,..,..,..,..,..,..,..,..,..,..,..,..,..,..,..,..,..,..,..,..,..,..,..,..,..,..,..,..,..,..,..,..,..,..,..,..,..,..,..
"School enrollment, secondary (gross), gender parity index (GPI)",SE.ENR.SECO.FM.ZS,Germany,DEU,..,..,0.941559970378876,0.939220011234283,0.949079990386963,0.953170001506805,0.953149974346161,0.952759981155396,0.947420001029968,0.947080016136169,0.948310017585754,0.947019994258881,0.972010016441345,0.97408002614975,0.971080005168915,0.974219977855682,0.975340008735657,0.975199997425079,0.978829979896545,0.980310022830963,0.979420006275177,0.974690020084381,0.970990002155304,0.971509993076324,0.967620015144348,0.964529991149902,0.963460028171539,0.958469986915588,0.970290005207062,..,..,..,..,..,..,..,..,..,..,..,..,..,..,..,..,..,..,..,..,..,..,..,..,..,..,..,..,..,..,..,..
"School enrollment, secondary, female (% gross)",SE.SEC.ENRR.FE,Germany,DEU,..,..,94.5529708862305,95.223503112793,96.1512298583984,96.3832321166992,97.2517929077148,98.3072204589844,99.3399810791016,100.876739501953,101.152847290039,100.286727905273,101.807891845703,100.868667602539,101.51139831543,100.913528442383,100.836486816406,100.513832092285,100.36402130127,99.4797515869141,98.8684692382813,97.9750900268555,97.6462097167969,102.754981994629,102.748870849609,103.022567749023,103.687606811523,103.313102722168,99.2969589233398,..,..,..,..,..,..,..,..,..,..,..,..,..,..,..,..,..,..,..,..,..,..,..,..,..,..,..,..,..,..,..,..
"School enrollment, secondary, female (% net)",SE.SEC.NENR.FE,Germany,DEU,..,..,..,84.68996,85.2448,86.06816,86.51205,87.15888,87.67107,88.14564,87.81084,87.81706,89.51332,89.09741,89.60937,89.89263,89.606,89.45682,89.38924,..,..,..,..,..,..,..,..,..,..,..,..,..,..,..,..,..,..,..,..,..,..,..,..,..,..,..,..,..,..,..,..,..,..,..,..,..,..,..,..,..,..
"School enrollment, secondary, male (% gross)",SE.SEC.ENRR.MA,Germany,DEU,..,..,100.421089172363,101.385803222656,101.310173034668,101.118949890137,102.031860351563,103.181327819824,104.853500366211,106.513397216797,106.666168212891,105.897361755371,104.739540100098,103.552528381348,104.5341796875,103.584098815918,103.386207580566,103.070350646973,102.534759521484,101.47779083252,100.946022033691,100.51927947998,100.563293457031,105.76872253418,106.187080383301,106.811637878418,107.620300292969,107.789253234863,102.337478637695,..,..,..,..,..,..,..,..,..,..,..,..,..,..,..,..,..,..,..,..,..,..,..,..,..,..,..,..,..,..,..,..
"School enrollment, secondary, male (% net)",SE.SEC.NENR.MA,Germany,DEU,..,..,..,85.86768,85.68024,86.1748,86.74684,87.47962,88.37543,88.78922,88.41838,88.51269,89.52721,89.14697,89.82445,90.28461,89.92565,89.79134,89.76646,..,..,..,..,..,..,..,..,..,..,..,..,..,..,..,..,..,..,..,..,..,..,..,..,..,..,..,..,..,..,..,..,..,..,..,..,..,..,..,..,..,..
"School enrollment, tertiary (% gross)",SE.TER.ENRR,Germany,DEU,..,..,70.342643737793,70.2466506958008,69.5805892944336,67.7468719482422,65.50390625,61.3868408203125,..,..,..,..,..,..,..,..,..,..,..,..,..,..,..,47.7920799255371,46.9425315856934,45.3274192810059,42.5005989074707,39.4206008911133,35.4325790405273,33.6599197387695,..,..,..,..,..,..,..,..,..,..,..,..,..,..,..,..,..,..,..,..,..,..,..,..,..,..,..,..,..,..,..
"School enrollment, tertiary (gross), gender parity index (GPI)",SE.ENR.TERT.FM.ZS,Germany,DEU,..,..,1.03076994419098,1.01256000995636,0.996730029582977,0.980069994926453,0.954689979553223,0.939840018749237,..,..,..,..,..,..,..,..,..,..,..,..,..,..,..,0.880550026893616,0.841889977455139,0.803049981594086,0.769450008869171,0.75925999879837,0.742200016975403,..,..,..,..,..,..,..,..,..,..,..,..,..,..,..,..,..,..,..,..,..,..,..,..,..,..,..,..,..,..,..,..
"School enrollment, tertiary, female (% gross)",SE.TER.ENRR.FE,Germany,DEU,..,..,71.4854507446289,70.7068862915039,69.4628601074219,67.0439071655273,63.94287109375,59.4339904785156,..,..,..,..,..,..,..,..,..,..,..,..,..,..,..,44.6954612731934,42.829231262207,40.2740592956543,36.8490791320801,33.9138488769531,30.0792407989502,..,..,..,..,..,..,..,..,..,..,..,..,..,..,..,..,..,..,..,..,..,..,..,..,..,..,..,..,..,..,..,..
"School enrollment, tertiary, male (% gross)",SE.TER.ENRR.MA,Germany,DEU,..,..,69.2855529785156,69.8185501098633,69.6907119750977,68.4074478149414,66.9776763916016,63.2387199401855,..,..,..,..,..,..,..,..,..,..,..,..,..,..,..,50.7583084106445,50.8725509643555,50.1512794494629,47.8901786804199,44.6667404174805,40.527271270752,..,..,..,..,..,..,..,..,..,..,..,..,..,..,..,..,..,..,..,..,..,..,..,..,..,..,..,..,..,..,..,..
Female pupils below minimum reading proficiency at end of primary (%). Low GAML threshold,SE.LPV.PRIM.BMP.FE,Germany,DEU,..,..,..,..,4.42455387115479,..,..,..,..,1.97136402130127,..,..,..,..,2.23475098609924,..,..,..,..,2.56855487823486,..,..,..,..,..,..,..,..,..,..,..,..,..,..,..,..,..,..,..,..,..,..,..,..,..,..,..,..,..,..,..,..,..,..,..,..,..,..,..,..,..
"Female share of graduates in Arts and Humanities programmes, tertiary (%)",SE.TER.GRAD.FE.HU.ZS,Germany,DEU,..,..,..,69.75844,69.81944,70.2772,..,..,..,..,..,..,..,..,..,..,..,..,66.55477,66.19502,66.88452,65.76688,..,..,..,..,..,..,..,..,..,..,..,..,..,..,..,..,..,..,..,..,..,..,..,..,..,..,..,..,..,..,..,..,..,..,..,..,..,..,..
"Female share of graduates in Business, Administration and Law programmes, tertiary (%)",UIS.FGP.5T8.F400,Germany,DEU,..,..,..,53.05474,54.39657,53.5365,..,..,..,..,..,..,..,..,..,..,..,..,42.9326,41.82259,40.91244,39.35542,..,..,..,..,..,..,..,..,..,..,..,..,..,..,..,..,..,..,..,..,..,..,..,..,..,..,..,..,..,..,..,..,..,..,..,..,..,..,..
"Female share of graduates in Agriculture, Forestry, Fisheries and Veterinary programmes, tertiary (%)",SE.TER.GRAD.FE.AG.ZS,Germany,DEU,..,..,..,42.32231,41.16525,41.73099,..,..,..,..,..,..,..,..,..,..,..,..,33.52916,34.0191,30.98302,30.99152,..,..,..,..,..,..,..,..,..,..,..,..,..,..,..,..,..,..,..,..,..,..,..,..,..,..,..,..,..,..,..,..,..,..,..,..,..,..,..
"Female share of graduates from Science, Technology, Engineering and Mathematics (STEM) programmes, tertiary (%)",SE.TER.GRAD.FE.SI.ZS,Germany,DEU,..,..,..,27.55567,27.13951,26.84921,..,..,..,..,..,..,..,..,..,..,..,..,23.12765,22.41421,21.67118,20.88006,..,..,..,..,..,..,..,..,..,..,..,..,..,..,..,..,..,..,..,..,..,..,..,..,..,..,..,..,..,..,..,..,..,..,..,..,..,..,..
"Female share of graduates in Engineering, Manufacturing and Construction programmes, tertiary (%)",SE.TER.GRAD.FE.EN.ZS,Germany,DEU,..,..,..,21.11782,20.48965,19.96894,..,..,..,..,..,..,..,..,..,..,..,..,17.42904,17.02107,16.59152,15.39328,..,..,..,..,..,..,..,..,..,..,..,..,..,..,..,..,..,..,..,..,..,..,..,..,..,..,..,..,..,..,..,..,..,..,..,..,..,..,..
"Female share of graduates in Health and Welfare programmes, tertiary (%)",SE.TER.GRAD.FE.HL.ZS,Germany,DEU,..,..,..,70.57938,70.77356,70.97856,..,..,..,..,..,..,..,..,..,..,..,..,74.2661,72.25401,70.04506,70.37478,..,..,..,..,..,..,..,..,..,..,..,..,..,..,..,..,..,..,..,..,..,..,..,..,..,..,..,..,..,..,..,..,..,..,..,..,..,..,..
"Female share of graduates in Information and Communication Technologies programmes, tertiary (%)",UIS.FGP.5T8.F600,Germany,DEU,..,..,..,19.40818,18.14132,17.63684,..,..,..,..,..,..,..,..,..,..,..,..,11.33068,12.36967,10.64075,11.68676,..,..,..,..,..,..,..,..,..,..,..,..,..,..,..,..,..,..,..,..,..,..,..,..,..,..,..,..,..,..,..,..,..,..,..,..,..,..,..
"Female share of graduates in Natural Sciences, Mathematics and Statistics programmes, tertiary (%)",SE.TER.GRAD.FE.SC.ZS,Germany,DEU,..,..,..,46.76303,46.95371,46.69871,..,..,..,..,..,..,..,..,..,..,..,..,41.66293,39.3691,37.19725,37.1447,..,..,..,..,..,..,..,..,..,..,..,..,..,..,..,..,..,..,..,..,..,..,..,..,..,..,..,..,..,..,..,..,..,..,..,..,..,..,..
"Female share of graduates in other fields than Science, Technology, Engineering and Mathematics programmes, tertiary (%)",UIS.FGP.5T8.FNON500600700,Germany,DEU,..,..,..,64.17194,64.04933,63.73356,..,..,..,..,..,..,..,..,..,..,..,..,62.74808,62.14939,60.89423,60.43276,..,..,..,..,..,..,..,..,..,..,..,..,..,..,..,..,..,..,..,..,..,..,..,..,..,..,..,..,..,..,..,..,..,..,..,..,..,..,..
"Female share of graduates in Services programmes, tertiary (%)",SE.TER.GRAD.FE.SV.ZS,Germany,DEU,..,..,..,52.73168,53.26622,54.39289,..,..,..,..,..,..,..,..,..,..,..,..,53.68363,55.08242,53.55971,54.08173,..,..,..,..,..,..,..,..,..,..,..,..,..,..,..,..,..,..,..,..,..,..,..,..,..,..,..,..,..,..,..,..,..,..,..,..,..,..,..
"Female share of graduates in Social Sciences, Journalism and Information programmes, tertiary (%)",SE.TER.GRAD.FE.SS.ZS,Germany,DEU,..,..,..,65.70191,65.45801,64.40052,..,..,..,..,..,..,..,..,..,..,..,..,57.57443,57.18859,54.13204,54.53058,..,..,..,..,..,..,..,..,..,..,..,..,..,..,..,..,..,..,..,..,..,..,..,..,..,..,..,..,..,..,..,..,..,..,..,..,..,..,..
"Female share of graduates in unknown or unspecified fields, tertiary (%)",SE.TER.GRAD.FE.OT.ZS,Germany,DEU,..,..,..,52.28245,47.61487,40.46095,..,..,..,..,..,..,..,..,..,..,..,..,52.30627,39.63084,61.08165,50.48309,..,..,..,..,..,..,..,..,..,..,..,..,..,..,..,..,..,..,..,..,..,..,..,..,..,..,..,..,..,..,..,..,..,..,..,..,..,..,..
"Government expenditure per student, primary (% of GDP per capita)",SE.XPD.PRIM.PC.ZS,Germany,DEU,..,..,..,..,17.44257,17.50845,17.6705,17.55396,17.32327,17.05452,17.66182,17.1887,15.10081,15.13138,15.60472,..,..,..,..,..,..,..,16.4901,..,..,..,..,..,..,..,..,..,..,..,..,..,..,..,..,..,..,..,..,..,..,..,..,..,..,..,..,..,..,..,..,..,..,..,..,..,..
"Government expenditure per student, secondary (% of GDP per capita)",SE.XPD.SECO.PC.ZS,Germany,DEU,..,..,..,..,22.95939,23.00137,23.19245,23.18698,23.04534,22.84118,23.88146,23.85787,21.07791,21.09132,20.29257,..,..,..,..,..,..,..,20.10304,..,..,..,..,..,..,..,..,..,..,..,..,..,..,..,..,..,..,..,..,..,..,..,..,..,..,..,..,..,..,..,..,..,..,..,..,..,..
"Gross graduation ratio, primary, female (%)",SE.PRM.CMPL.FE.ZS,Germany,DEU,..,..,..,..,..,..,..,..,..,..,..,..,..,..,..,..,..,..,..,..,..,..,..,..,..,..,..,..,..,..,..,..,..,..,..,..,..,..,..,..,..,..,..,..,..,..,..,..,..,..,..,..,..,..,..,..,..,..,..,..,..
"Gross graduation ratio, primary, total (%)",SE.PRM.CMPL.ZS,Germany,DEU,..,..,..,..,..,..,..,..,..,..,..,..,..,..,..,..,..,..,..,..,..,..,..,..,..,..,..,..,..,..,..,..,..,..,..,..,..,..,..,..,..,..,..,..,..,..,..,..,..,..,..,..,..,..,..,..,..,..,..,..,..
"Gross graduation ratio, primary, male (%)",SE.PRM.CMPL.MA.ZS,Germany,DEU,..,..,..,..,..,..,..,..,..,..,..,..,..,..,..,..,..,..,..,..,..,..,..,..,..,..,..,..,..,..,..,..,..,..,..,..,..,..,..,..,..,..,..,..,..,..,..,..,..,..,..,..,..,..,..,..,..,..,..,..,..
"Gross graduation ratio, tertiary, female (%)",SE.TER.CMPL.FE.ZS,Germany,DEU,..,..,45.2506408691406,46.4608917236328,46.4361801147461,45.5643005371094,..,..,34.8074989318848,33.5832595825195,32.0255699157715,30.1370105743408,27.4507503509521,25.2505493164063,23.1167602539063,21.2999706268311,19.786600112915,18.7066898345947,17.9117393493652,17.4735908508301,17.4844303131104,17.4984092712402,..,..,..,..,..,..,..,..,..,..,..,..,..,..,..,..,..,..,..,..,..,..,..,..,..,..,..,..,..,..,..,..,..,..,..,..,..,..,..
"Gross graduation ratio, tertiary, male (%)",SE.TER.CMPL.MA.ZS,Germany,DEU,..,..,36.638801574707,38.4599990844727,40.0008811950684,41.1561393737793,..,..,31.2974090576172,30.2651691436768,28.3131198883057,27.0751399993896,24.3548793792725,22.8070106506348,21.0664806365967,20.3897705078125,19.4252395629883,18.713550567627,18.6830501556396,19.0225505828857,19.9684600830078,21.1344890594482,..,..,..,..,..,..,..,..,..,..,..,..,..,..,..,..,..,..,..,..,..,..,..,..,..,..,..,..,..,..,..,..,..,..,..,..,..,..,..
"Gross graduation ratio, tertiary, total (%)",SE.TER.CMPL.ZS,Germany,DEU,..,..,40.7642593383789,42.3035202026367,43.1015701293945,43.2866096496582,..,..,33.0065116882324,31.8840503692627,30.1290302276611,28.5828704833984,25.8826007843018,24.0151500701904,22.0817699432373,20.8410606384277,19.6042709350586,18.7101497650146,18.3019504547119,18.259370803833,18.7480792999268,19.3509407043457,..,..,..,..,..,..,..,..,..,..,..,..,..,..,..,..,..,..,..,..,..,..,..,..,..,..,..,..,..,..,..,..,..,..,..,..,..,..,..
Harmonized Test Scores,HD.HCI.HLOS,Germany,DEU,517.281433105469,..,528.153442382813,528,..,..,..,..,..,..,527.514221191406,..,..,..,..,..,..,..,..,..,..,..,..,..,..,..,..,..,..,..,..,..,..,..,..,..,..,..,..,..,..,..,..,..,..,..,..,..,..,..,..,..,..,..,..,..,..,..,..,..,..
"Harmonized Test Scores, Female",HD.HCI.HLOS.FE,Germany,DEU,520.798095703125,..,528.588684082031,529,..,..,..,..,..,..,530.507995605469,..,..,..,..,..,..,..,..,..,..,..,..,..,..,..,..,..,..,..,..,..,..,..,..,..,..,..,..,..,..,..,..,..,..,..,..,..,..,..,..,..,..,..,..,..,..,..,..,..,..
"Harmonized Test Scores, Male",HD.HCI.HLOS.MA,Germany,DEU,514.258666992188,..,527.702392578125,528,..,..,..,..,..,..,524.647827148438,..,..,..,..,..,..,..,..,..,..,..,..,..,..,..,..,..,..,..,..,..,..,..,..,..,..,..,..,..,..,..,..,..,..,..,..,..,..,..,..,..,..,..,..,..,..,..,..,..,..
Male pupils below minimum reading proficiency at end of primary (%). Low GAML threshold,SE.LPV.PRIM.BMP.MA,Germany,DEU,..,..,..,..,6.52409172058105,..,..,..,..,2.7957558631897,..,..,..,..,2.93492078781128,..,..,..,..,3.35965156555176,..,..,..,..,..,..,..,..,..,..,..,..,..,..,..,..,..,..,..,..,..,..,..,..,..,..,..,..,..,..,..,..,..,..,..,..,..,..,..,..,..
"Primary completion rate, female (% of relevant age group)",SE.PRM.CMPT.FE.ZS,Germany,DEU,..,..,101.587768554688,99.1170425415039,98.3018798828125,98.9863510131836,97.2428436279297,98.3092269897461,98.8268508911133,101.303596496582,101.955207824707,102.280517578125,101.99356842041,103.754447937012,98.5783767700195,96.7630310058594,98.95947265625,100.521621704102,101.506317138672,105.542388916016,104.038017272949,101.059310913086,..,98.702392578125,96.7790603637695,96.2100830078125,96.5617980957031,100.420707702637,..,..,..,..,..,..,..,..,..,..,..,..,..,..,..,..,..,..,..,..,..,..,..,..,..,..,..,..,..,..,..,..,..
"Primary completion rate, male (% of relevant age group)",SE.PRM.CMPT.MA.ZS,Germany,DEU,..,..,100.146240234375,98.5121765136719,97.5933532714844,98.8540420532227,97.320426940918,98.4834823608398,98.488151550293,101.817581176758,102.072631835938,102.482223510742,101.965179443359,103.329727172852,98.4190368652344,96.9907684326172,99.957160949707,100.833358764648,101.826263427734,106.037139892578,104.641410827637,101.848510742188,..,98.9688415527344,96.6198272705078,96.1276931762695,96.8414916992188,100.24626159668,..,..,..,..,..,..,..,..,..,..,..,..,..,..,..,..,..,..,..,..,..,..,..,..,..,..,..,..,..,..,..,..,..
"Primary completion rate, total (% of relevant age group)",SE.PRM.CMPT.ZS,Germany,DEU,..,..,100.843322753906,98.8051376342773,97.9372024536133,98.9182968139648,97.2827072143555,98.3986892700195,98.6531372070313,101.566879272461,102.015350341797,102.383796691895,101.979026794434,103.536979675293,98.4968032836914,96.879638671875,99.4702682495117,100.68123626709,101.670143127441,105.795707702637,104.34691619873,101.463279724121,..,98.8387603759766,96.6975631713867,96.1679000854492,96.7050628662109,100.331352233887,..,..,..,..,..,..,..,..,..,..,..,..,..,..,..,..,..,..,..,..,..,..,..,..,..,..,..,..,..,..,..,..,..
Pupils below minimum reading proficiency at end of primary (%). Low GAML threshold,SE.LPV.PRIM.BMP,Germany,DEU,..,..,..,..,5.49255609512329,..,..,..,..,2.38940715789795,..,..,..,..,2.59191393852234,..,..,..,..,2.96580791473389,..,..,..,..,..,..,..,..,..,..,..,..,..,..,..,..,..,..,..,..,..,..,..,..,..,..,..,..,..,..,..,..,..,..,..,..,..,..,..,..,..
,,,,,,,,,,,,,,,,,,,,,,,,,,,,,,,,,,,,,,,,,,,,,,,,,,,,,,,,,,,,,,,,
,,,,,,,,,,,,,,,,,,,,,,,,,,,,,,,,,,,,,,,,,,,,,,,,,,,,,,,,,,,,,,,,
,,,,,,,,,,,,,,,,,,,,,,,,,,,,,,,,,,,,,,,,,,,,,,,,,,,,,,,,,,,,,,,,
Data from database: Gender Statistics,,,,,,,,,,,,,,,,,,,,,,,,,,,,,,,,,,,,,,,,,,,,,,,,,,,,,,,,,,,,,,,,
Last Updated: 07/01/2021,,,,,,,,,,,,,,,,,,,,,,,,,,,,,,,,,,,,,,,,,,,,,,,,,,,,,,,,,,,,,,,,
